{"v":"5.7.1","fr":29.9700012207031,"ip":0,"op":150.000006109625,"w":970,"h":250,"nm":"970 x 250","ddd":0,"assets":[{"id":"image_0","w":309,"h":67,"u":"images/","p":"img_0.png","e":0},{"id":"image_1","w":1075,"h":218,"u":"images/","p":"img_1.png","e":0},{"id":"image_2","w":849,"h":543,"u":"images/","p":"img_2.png","e":0},{"id":"image_3","w":3081,"h":606,"u":"images/","p":"img_3.png","e":0},{"id":"image_4","w":1921,"h":394,"u":"images/","p":"img_4.png","e":0},{"id":"image_5","w":1920,"h":1080,"u":"images/","p":"img_5.jpg","e":0}],"fonts":{"list":[{"fName":"ProximaNova-Bold","fFamily":"Proxima Nova","fStyle":"Bold","ascent":66.69921875},{"fName":"ProximaNova-Semibold","fFamily":"Proxima Nova","fStyle":"Semibold","ascent":66.69921875}]},"layers":[{"ddd":0,"ind":1,"ty":5,"nm":"CLICK HERE FOR MORE INFO 2","sr":1,"ks":{"o":{"a":1,"k":[{"i":{"x":[0.833],"y":[0.833]},"o":{"x":[0.167],"y":[0.167]},"t":40,"s":[0]},{"i":{"x":[0.833],"y":[0.833]},"o":{"x":[0.167],"y":[0.167]},"t":46,"s":[100]},{"i":{"x":[0.833],"y":[0.833]},"o":{"x":[0.167],"y":[0.167]},"t":116,"s":[100]},{"t":124.000005050624,"s":[0]}],"ix":11},"r":{"a":0,"k":0,"ix":10},"p":{"a":0,"k":[543.119,195.522,0],"ix":2},"a":{"a":0,"k":[0,0,0],"ix":1},"s":{"a":0,"k":[58.205,58.205,100],"ix":6}},"ao":0,"t":{"d":{"k":[{"s":{"s":26,"f":"ProximaNova-Semibold","t":"CLICK HERE FOR MORE INFO","j":0,"tr":32,"lh":31.2,"ls":0,"fc":[0,0,0]},"t":0}]},"p":{},"m":{"g":1,"a":{"a":0,"k":[0,0],"ix":2}},"a":[]},"ip":-3.00000012219251,"op":152.000006191087,"st":8.00000032584668,"bm":0},{"ddd":0,"ind":2,"ty":4,"nm":"Shape Layer 3","sr":1,"ks":{"o":{"a":1,"k":[{"i":{"x":[0.833],"y":[0.833]},"o":{"x":[0.167],"y":[0.167]},"t":40,"s":[0]},{"i":{"x":[0.833],"y":[0.833]},"o":{"x":[0.167],"y":[0.167]},"t":46,"s":[100]},{"i":{"x":[0.833],"y":[0.833]},"o":{"x":[0.167],"y":[0.167]},"t":116,"s":[100]},{"t":124.000005050624,"s":[0]}],"ix":11},"r":{"a":0,"k":0,"ix":10},"p":{"a":0,"k":[485,125,0],"ix":2},"a":{"a":0,"k":[0,0,0],"ix":1},"s":{"a":0,"k":[100,100,100],"ix":6}},"ao":0,"shapes":[{"ty":"gr","it":[{"ty":"rc","d":1,"s":{"a":0,"k":[247.258,33.695],"ix":2},"p":{"a":0,"k":[0,0],"ix":3},"r":{"a":0,"k":0,"ix":4},"nm":"Rectangle Path 1","mn":"ADBE Vector Shape - Rect","hd":false},{"ty":"fl","c":{"a":0,"k":[0.919087009804,0.666825537588,0.245188395182,1],"ix":4},"o":{"a":0,"k":100,"ix":5},"r":1,"bm":0,"nm":"Fill 1","mn":"ADBE Vector Graphic - Fill","hd":false},{"ty":"tr","p":{"a":0,"k":[164.129,64.848],"ix":2},"a":{"a":0,"k":[0,0],"ix":1},"s":{"a":0,"k":[100,100],"ix":3},"r":{"a":0,"k":0,"ix":6},"o":{"a":0,"k":100,"ix":7},"sk":{"a":0,"k":0,"ix":4},"sa":{"a":0,"k":0,"ix":5},"nm":"Transform"}],"nm":"Rectangle 1","np":3,"cix":2,"bm":0,"ix":1,"mn":"ADBE Vector Group","hd":false}],"ip":0,"op":600.000024438501,"st":0,"bm":0},{"ddd":0,"ind":3,"ty":4,"nm":"Shape Layer 2","sr":1,"ks":{"o":{"a":0,"k":100,"ix":11},"r":{"a":0,"k":0,"ix":10},"p":{"a":0,"k":[482,102,0],"ix":2},"a":{"a":0,"k":[0,0,0],"ix":1},"s":{"a":0,"k":[100,100,100],"ix":6}},"ao":0,"shapes":[{"ty":"gr","it":[{"ind":0,"ty":"sh","ix":1,"ks":{"a":0,"k":{"i":[[0,0],[0,0]],"o":[[0,0],[0,0]],"v":[[44,72],[291,72]],"c":false},"ix":2},"nm":"Path 1","mn":"ADBE Vector Shape - Group","hd":false},{"ty":"st","c":{"a":0,"k":[1,1,1,1],"ix":3},"o":{"a":0,"k":100,"ix":4},"w":{"a":0,"k":1,"ix":5},"lc":1,"lj":1,"ml":4,"bm":0,"nm":"Stroke 1","mn":"ADBE Vector Graphic - Stroke","hd":false},{"ty":"tr","p":{"a":0,"k":[0,0],"ix":2},"a":{"a":0,"k":[0,0],"ix":1},"s":{"a":0,"k":[100,100],"ix":3},"r":{"a":0,"k":0,"ix":6},"o":{"a":0,"k":100,"ix":7},"sk":{"a":0,"k":0,"ix":4},"sa":{"a":0,"k":0,"ix":5},"nm":"Transform"}],"nm":"Shape 1","np":3,"cix":2,"bm":0,"ix":1,"mn":"ADBE Vector Group","hd":false},{"ty":"tm","s":{"a":1,"k":[{"i":{"x":[0.667],"y":[1]},"o":{"x":[0.333],"y":[0]},"t":126,"s":[0]},{"t":138.000005620855,"s":[100]}],"ix":1},"e":{"a":1,"k":[{"i":{"x":[0.667],"y":[1]},"o":{"x":[0.333],"y":[0]},"t":22,"s":[0]},{"t":34.0000013848484,"s":[100]}],"ix":2},"o":{"a":0,"k":0,"ix":3},"m":1,"ix":2,"nm":"Trim Paths 1","mn":"ADBE Vector Filter - Trim","hd":false}],"ip":-13.0000005295009,"op":587.000023909,"st":-13.0000005295009,"bm":0},{"ddd":0,"ind":4,"ty":4,"nm":"Shape Layer 1","sr":1,"ks":{"o":{"a":0,"k":100,"ix":11},"r":{"a":0,"k":0,"ix":10},"p":{"a":0,"k":[482,134,0],"ix":2},"a":{"a":0,"k":[0,0,0],"ix":1},"s":{"a":0,"k":[100,100,100],"ix":6}},"ao":0,"shapes":[{"ty":"gr","it":[{"ind":0,"ty":"sh","ix":1,"ks":{"a":0,"k":{"i":[[0,0],[0,0]],"o":[[0,0],[0,0]],"v":[[44,72],[291,72]],"c":false},"ix":2},"nm":"Path 1","mn":"ADBE Vector Shape - Group","hd":false},{"ty":"st","c":{"a":0,"k":[1,1,1,1],"ix":3},"o":{"a":0,"k":100,"ix":4},"w":{"a":0,"k":1,"ix":5},"lc":1,"lj":1,"ml":4,"bm":0,"nm":"Stroke 1","mn":"ADBE Vector Graphic - Stroke","hd":false},{"ty":"tr","p":{"a":0,"k":[0,0],"ix":2},"a":{"a":0,"k":[0,0],"ix":1},"s":{"a":0,"k":[100,100],"ix":3},"r":{"a":0,"k":0,"ix":6},"o":{"a":0,"k":100,"ix":7},"sk":{"a":0,"k":0,"ix":4},"sa":{"a":0,"k":0,"ix":5},"nm":"Transform"}],"nm":"Shape 1","np":3,"cix":2,"bm":0,"ix":1,"mn":"ADBE Vector Group","hd":false},{"ty":"tm","s":{"a":1,"k":[{"i":{"x":[0.667],"y":[1]},"o":{"x":[0.333],"y":[0]},"t":126,"s":[0]},{"t":138.000005620855,"s":[100]}],"ix":1},"e":{"a":1,"k":[{"i":{"x":[0.667],"y":[1]},"o":{"x":[0.333],"y":[0]},"t":22,"s":[0]},{"t":34.0000013848484,"s":[100]}],"ix":2},"o":{"a":0,"k":0,"ix":3},"m":1,"ix":2,"nm":"Trim Paths 1","mn":"ADBE Vector Filter - Trim","hd":false}],"ip":-13.0000005295009,"op":587.000023909,"st":-13.0000005295009,"bm":0},{"ddd":0,"ind":5,"ty":5,"nm":"CLICK HERE FOR MORE INFO","sr":1,"ks":{"o":{"a":1,"k":[{"i":{"x":[0.833],"y":[0.833]},"o":{"x":[0.167],"y":[0.167]},"t":9,"s":[0]},{"i":{"x":[0.833],"y":[0.833]},"o":{"x":[0.167],"y":[0.167]},"t":15,"s":[100]},{"i":{"x":[0.833],"y":[0.833]},"o":{"x":[0.167],"y":[0.167]},"t":129,"s":[100]},{"t":135.000005498663,"s":[0]}],"ix":11},"r":{"a":0,"k":0,"ix":10},"p":{"a":0,"k":[543.119,195.522,0],"ix":2},"a":{"a":0,"k":[0,0,0],"ix":1},"s":{"a":0,"k":[58.205,58.205,100],"ix":6}},"ao":0,"t":{"d":{"k":[{"s":{"s":26,"f":"ProximaNova-Semibold","t":"CLICK HERE FOR MORE INFO","j":0,"tr":32,"lh":31.2,"ls":0,"fc":[1,1,1]},"t":0}]},"p":{},"m":{"g":1,"a":{"a":0,"k":[0,0],"ix":2}},"a":[]},"ip":-3.00000012219251,"op":152.000006191087,"st":8.00000032584668,"bm":0},{"ddd":0,"ind":6,"ty":5,"nm":"IN PARTNERSHIP WITH","sr":1,"ks":{"o":{"a":0,"k":100,"ix":11},"r":{"a":0,"k":0,"ix":10},"p":{"a":0,"k":[674.462,63.782,0],"ix":2},"a":{"a":0,"k":[0,0,0],"ix":1},"s":{"a":0,"k":[58.205,58.205,100],"ix":6}},"ao":0,"t":{"d":{"k":[{"s":{"s":15,"f":"ProximaNova-Semibold","t":"IN PARTNERSHIP WITH","j":0,"tr":32,"lh":18,"ls":0,"fc":[1,1,1]},"t":0}]},"p":{},"m":{"g":1,"a":{"a":0,"k":[0,0],"ix":2}},"a":[]},"ip":-3.00000012219251,"op":152.000006191087,"st":8.00000032584668,"bm":0},{"ddd":0,"ind":7,"ty":5,"nm":"PURCHASE A DRINK VOUCHER  FROM YOUR FAVORITE BARS","sr":1,"ks":{"o":{"a":0,"k":100,"ix":11},"r":{"a":0,"k":0,"ix":10},"p":{"a":0,"k":[654.343,125,0],"ix":2},"a":{"a":0,"k":[0,0,0],"ix":1},"s":{"a":0,"k":[145.363,145.363,100],"ix":6}},"ao":0,"t":{"d":{"k":[{"s":{"s":18,"f":"ProximaNova-Bold","t":"PURCHASE A DRINK VOUCHER \rFROM YOUR FAVORITE BARS","j":2,"tr":32,"lh":20,"ls":0,"fc":[1,1,1]},"t":0}]},"p":{},"m":{"g":1,"a":{"a":0,"k":[0,0],"ix":2}},"a":[]},"ip":0,"op":600.000024438501,"st":0,"bm":0},{"ddd":0,"ind":8,"ty":2,"nm":"logos RTB 3.png","cl":"png","refId":"image_0","sr":1,"ks":{"o":{"a":0,"k":100,"ix":11},"r":{"a":0,"k":0,"ix":10},"p":{"a":0,"k":[821,60.859,0],"ix":2},"a":{"a":0,"k":[154.5,33.5,0],"ix":1},"s":{"a":0,"k":[23.47,23.47,100],"ix":6}},"ao":0,"ip":0,"op":600.000024438501,"st":0,"bm":0},{"ddd":0,"ind":9,"ty":2,"nm":"logos RTB 2.png","cl":"png","refId":"image_1","sr":1,"ks":{"o":{"a":0,"k":100,"ix":11},"r":{"a":0,"k":0,"ix":10},"p":{"a":0,"k":[545,60.859,0],"ix":2},"a":{"a":0,"k":[537.5,109,0],"ix":1},"s":{"a":0,"k":[21.101,21.101,100],"ix":6}},"ao":0,"ip":0,"op":600.000024438501,"st":0,"bm":0},{"ddd":0,"ind":10,"ty":2,"nm":"RTB logo.png","cl":"png","refId":"image_2","sr":1,"ks":{"o":{"a":0,"k":100,"ix":11},"r":{"a":0,"k":0,"ix":10},"p":{"a":0,"k":[188,130,0],"ix":2},"a":{"a":0,"k":[424.5,271.5,0],"ix":1},"s":{"a":0,"k":[33.556,33.556,100],"ix":6}},"ao":0,"ip":0,"op":600.000024438501,"st":0,"bm":0},{"ddd":0,"ind":11,"ty":2,"nm":"DR - 18.png","cl":"png","refId":"image_3","sr":1,"ks":{"o":{"a":0,"k":100,"ix":11},"r":{"a":0,"k":0,"ix":10},"p":{"a":0,"k":[809.75,232.125,0],"ix":2},"a":{"a":0,"k":[1540.5,303,0],"ix":1},"s":{"a":0,"k":[3.266,3.266,100],"ix":6}},"ao":0,"ip":0,"op":600.000024438501,"st":0,"bm":0},{"ddd":0,"ind":12,"ty":2,"nm":"DrinkiQcom.png","cl":"png","refId":"image_4","sr":1,"ks":{"o":{"a":0,"k":100,"ix":11},"r":{"a":0,"k":0,"ix":10},"p":{"a":0,"k":[916.25,232.125,0],"ix":2},"a":{"a":0,"k":[960.5,197,0],"ix":1},"s":{"a":0,"k":[4.315,4.315,100],"ix":6}},"ao":0,"ip":0,"op":600.000024438501,"st":0,"bm":0},{"ddd":0,"ind":13,"ty":2,"nm":"background RTB.jpg","cl":"jpg","refId":"image_5","sr":1,"ks":{"o":{"a":0,"k":100,"ix":11},"r":{"a":0,"k":0,"ix":10},"p":{"a":0,"k":[485,197,0],"ix":2},"a":{"a":0,"k":[960,540,0],"ix":1},"s":{"a":0,"k":[52.222,52.222,100],"ix":6}},"ao":0,"ip":0,"op":600.000024438501,"st":0,"bm":0}],"markers":[],"chars":[{"ch":"P","size":18,"style":"Bold","w":62.5,"data":{"shapes":[{"ty":"gr","it":[{"ind":0,"ty":"sh","ix":1,"ks":{"a":0,"k":{"i":[[0,0],[0,0],[0,0],[0,11.682],[14.603,0],[0,0],[0,0]],"o":[[0,0],[0,0],[14.502,0],[0,-11.783],[0,0],[0,0],[0,0]],"v":[[20.947,0],[20.947,-23.969],[38.068,-23.969],[60.626,-45.52],[38.068,-67.172],[6.647,-67.172],[6.647,0]],"c":true},"ix":2},"nm":"P","mn":"ADBE Vector Shape - Group","hd":false},{"ind":1,"ty":"sh","ix":2,"ks":{"a":0,"k":{"i":[[5.64,0],[0,0],[0,0],[0,0],[0,-5.64]],"o":[[0,0],[0,0],[0,0],[5.64,0],[0,5.539]],"v":[[36.053,-36.557],[20.947,-36.557],[20.947,-54.584],[36.053,-54.584],[46.024,-45.52]],"c":true},"ix":2},"nm":"P","mn":"ADBE Vector Shape - Group","hd":false}],"nm":"P","np":5,"cix":2,"bm":0,"ix":1,"mn":"ADBE Vector Group","hd":false}]},"fFamily":"Proxima Nova"},{"ch":"U","size":18,"style":"Bold","w":73.4,"data":{"shapes":[{"ty":"gr","it":[{"ind":0,"ty":"sh","ix":1,"ks":{"a":0,"k":{"i":[[-20.444,0],[0,16.617],[0,0],[0,0],[0,0],[10.373,0],[0,9.366],[0,0],[0,0],[0,0]],"o":[[20.444,0],[0,0],[0,0],[0,0],[0,9.366],[-10.373,0],[0,0],[0,0],[0,0],[0,16.617]],"v":[[36.96,1.208],[67.273,-26.889],[67.273,-67.172],[52.67,-67.172],[52.67,-27.292],[36.96,-11.481],[21.149,-27.292],[21.149,-67.172],[6.647,-67.172],[6.647,-26.889]],"c":true},"ix":2},"nm":"U","mn":"ADBE Vector Shape - Group","hd":false}],"nm":"U","np":3,"cix":2,"bm":0,"ix":1,"mn":"ADBE Vector Group","hd":false}]},"fFamily":"Proxima Nova"},{"ch":"R","size":18,"style":"Bold","w":64.3,"data":{"shapes":[{"ty":"gr","it":[{"ind":0,"ty":"sh","ix":1,"ks":{"a":0,"k":{"i":[[0,0],[0,0],[0,11.783],[13.998,0],[0,0],[0,0],[0,0],[0,0],[0,0],[0,0]],"o":[[0,0],[7.251,-1.712],[0,-12.488],[0,0],[0,0],[0,0],[0,0],[0,0],[0,0],[0,0]],"v":[[61.13,0],[45.923,-25.58],[60.727,-45.52],[38.068,-67.172],[6.647,-67.172],[6.647,0],[20.947,0],[20.947,-23.868],[31.421,-23.868],[44.614,0]],"c":true},"ix":2},"nm":"R","mn":"ADBE Vector Shape - Group","hd":false},{"ind":1,"ty":"sh","ix":2,"ks":{"a":0,"k":{"i":[[5.64,0],[0,0],[0,0],[0,0],[0,-5.539]],"o":[[0,0],[0,0],[0,0],[5.64,0],[0,5.74]],"v":[[36.053,-36.456],[20.947,-36.456],[20.947,-54.584],[36.053,-54.584],[46.024,-45.621]],"c":true},"ix":2},"nm":"R","mn":"ADBE Vector Shape - Group","hd":false}],"nm":"R","np":5,"cix":2,"bm":0,"ix":1,"mn":"ADBE Vector Group","hd":false}]},"fFamily":"Proxima Nova"},{"ch":"C","size":18,"style":"Bold","w":68.7,"data":{"shapes":[{"ty":"gr","it":[{"ind":0,"ty":"sh","ix":1,"ks":{"a":0,"k":{"i":[[-20.242,0],[-4.733,8.359],[0,0],[6.848,0],[0,12.689],[-12.286,0],[-2.82,-5.438],[0,0],[14.703,0],[0,-20.746]],"o":[[14.703,0],[0,0],[-2.82,5.438],[-12.286,0],[0,-12.689],[6.848,0],[0,0],[-4.733,-8.459],[-20.242,0],[0,20.645]],"v":[[39.276,1.208],[67.273,-15.308],[54.987,-21.249],[39.276,-11.481],[18.127,-33.536],[39.276,-55.591],[54.987,-45.822],[67.273,-51.865],[39.276,-68.28],[3.424,-33.536]],"c":true},"ix":2},"nm":"C","mn":"ADBE Vector Shape - Group","hd":false}],"nm":"C","np":3,"cix":2,"bm":0,"ix":1,"mn":"ADBE Vector Group","hd":false}]},"fFamily":"Proxima Nova"},{"ch":"H","size":18,"style":"Bold","w":73.1,"data":{"shapes":[{"ty":"gr","it":[{"ind":0,"ty":"sh","ix":1,"ks":{"a":0,"k":{"i":[[0,0],[0,0],[0,0],[0,0],[0,0],[0,0],[0,0],[0,0],[0,0],[0,0],[0,0],[0,0]],"o":[[0,0],[0,0],[0,0],[0,0],[0,0],[0,0],[0,0],[0,0],[0,0],[0,0],[0,0],[0,0]],"v":[[67.072,0],[67.072,-67.172],[52.67,-67.172],[52.67,-40.787],[20.947,-40.787],[20.947,-67.172],[6.647,-67.172],[6.647,0],[20.947,0],[20.947,-28.299],[52.67,-28.299],[52.67,0]],"c":true},"ix":2},"nm":"H","mn":"ADBE Vector Shape - Group","hd":false}],"nm":"H","np":3,"cix":2,"bm":0,"ix":1,"mn":"ADBE Vector Group","hd":false}]},"fFamily":"Proxima Nova"},{"ch":"A","size":18,"style":"Bold","w":68.4,"data":{"shapes":[{"ty":"gr","it":[{"ind":0,"ty":"sh","ix":1,"ks":{"a":0,"k":{"i":[[0,0],[0,0],[0,0],[0,0],[0,0],[0,0],[0,0],[0,0]],"o":[[0,0],[0,0],[0,0],[0,0],[0,0],[0,0],[0,0],[0,0]],"v":[[69.287,0],[43.405,-67.172],[25.479,-67.172],[-0.403,0],[15.811,0],[20.041,-11.38],[48.843,-11.38],[53.073,0]],"c":true},"ix":2},"nm":"A","mn":"ADBE Vector Shape - Group","hd":false},{"ind":1,"ty":"sh","ix":2,"ks":{"a":0,"k":{"i":[[0,0],[0,0],[0,0]],"o":[[0,0],[0,0],[0,0]],"v":[[44.916,-23.969],[23.969,-23.969],[34.442,-52.872]],"c":true},"ix":2},"nm":"A","mn":"ADBE Vector Shape - Group","hd":false}],"nm":"A","np":5,"cix":2,"bm":0,"ix":1,"mn":"ADBE Vector Group","hd":false}]},"fFamily":"Proxima Nova"},{"ch":"S","size":18,"style":"Bold","w":60,"data":{"shapes":[{"ty":"gr","it":[{"ind":0,"ty":"sh","ix":1,"ks":{"a":0,"k":{"i":[[-12.991,0],[0,12.286],[0,10.574],[-6.042,0],[-5.438,-5.035],[0,0],[10.675,0],[0,-11.179],[0,-11.682],[7.956,0],[4.733,4.935],[0,0]],"o":[[18.027,0],[0,-25.076],[0,-4.028],[6.848,0],[0,0],[-6.647,-6.143],[-15.811,0],[0,25.278],[0,3.928],[-9.265,0],[0,0],[6.345,6.345]],"v":[[30.615,1.208],[57.504,-20.343],[18.933,-48.843],[28.4,-55.49],[47.937,-48.138],[55.893,-58.813],[29.709,-68.179],[4.23,-47.736],[42.902,-18.933],[31.219,-11.481],[9.869,-20.645],[2.014,-9.467]],"c":true},"ix":2},"nm":"S","mn":"ADBE Vector Shape - Group","hd":false}],"nm":"S","np":3,"cix":2,"bm":0,"ix":1,"mn":"ADBE Vector Group","hd":false}]},"fFamily":"Proxima Nova"},{"ch":"E","size":18,"style":"Bold","w":58.3,"data":{"shapes":[{"ty":"gr","it":[{"ind":0,"ty":"sh","ix":1,"ks":{"a":0,"k":{"i":[[0,0],[0,0],[0,0],[0,0],[0,0],[0,0],[0,0],[0,0],[0,0],[0,0],[0,0],[0,0]],"o":[[0,0],[0,0],[0,0],[0,0],[0,0],[0,0],[0,0],[0,0],[0,0],[0,0],[0,0],[0,0]],"v":[[54.181,0],[54.181,-12.589],[20.947,-12.589],[20.947,-27.896],[53.476,-27.896],[53.476,-40.485],[20.947,-40.485],[20.947,-54.584],[54.181,-54.584],[54.181,-67.172],[6.647,-67.172],[6.647,0]],"c":true},"ix":2},"nm":"E","mn":"ADBE Vector Shape - Group","hd":false}],"nm":"E","np":3,"cix":2,"bm":0,"ix":1,"mn":"ADBE Vector Group","hd":false}]},"fFamily":"Proxima Nova"},{"ch":" ","size":18,"style":"Bold","w":25.7,"data":{},"fFamily":"Proxima Nova"},{"ch":"D","size":18,"style":"Bold","w":71.8,"data":{"shapes":[{"ty":"gr","it":[{"ind":0,"ty":"sh","ix":1,"ks":{"a":0,"k":{"i":[[0,0],[0,20.343],[21.048,0],[0,0],[0,0]],"o":[[20.947,0],[0,-20.142],[0,0],[0,0],[0,0]],"v":[[33.234,0],[68.784,-33.636],[33.133,-67.172],[6.647,-67.172],[6.647,0]],"c":true},"ix":2},"nm":"D","mn":"ADBE Vector Shape - Group","hd":false},{"ind":1,"ty":"sh","ix":2,"ks":{"a":0,"k":{"i":[[13.293,0],[0,0],[0,0],[0,0],[0,-11.783]],"o":[[0,0],[0,0],[0,0],[13.696,0],[0,11.481]],"v":[[33.133,-12.589],[20.947,-12.589],[20.947,-54.584],[33.234,-54.584],[54.181,-33.636]],"c":true},"ix":2},"nm":"D","mn":"ADBE Vector Shape - Group","hd":false}],"nm":"D","np":5,"cix":2,"bm":0,"ix":1,"mn":"ADBE Vector Group","hd":false}]},"fFamily":"Proxima Nova"},{"ch":"I","size":18,"style":"Bold","w":27.4,"data":{"shapes":[{"ty":"gr","it":[{"ind":0,"ty":"sh","ix":1,"ks":{"a":0,"k":{"i":[[0,0],[0,0],[0,0],[0,0]],"o":[[0,0],[0,0],[0,0],[0,0]],"v":[[20.947,0],[20.947,-67.172],[6.647,-67.172],[6.647,0]],"c":true},"ix":2},"nm":"I","mn":"ADBE Vector Shape - Group","hd":false}],"nm":"I","np":3,"cix":2,"bm":0,"ix":1,"mn":"ADBE Vector Group","hd":false}]},"fFamily":"Proxima Nova"},{"ch":"N","size":18,"style":"Bold","w":72.9,"data":{"shapes":[{"ty":"gr","it":[{"ind":0,"ty":"sh","ix":1,"ks":{"a":0,"k":{"i":[[0,0],[0,0],[0,0],[0,0],[0,0],[0,0],[0,0],[0,0],[0,0],[0,0]],"o":[[0,0],[0,0],[0,0],[0,0],[0,0],[0,0],[0,0],[0,0],[0,0],[0,0]],"v":[[66.769,0],[66.769,-67.172],[52.469,-67.172],[52.469,-24.976],[21.35,-67.172],[6.647,-67.172],[6.647,0],[20.947,0],[20.947,-43.808],[52.972,0]],"c":true},"ix":2},"nm":"N","mn":"ADBE Vector Shape - Group","hd":false}],"nm":"N","np":3,"cix":2,"bm":0,"ix":1,"mn":"ADBE Vector Group","hd":false}]},"fFamily":"Proxima Nova"},{"ch":"K","size":18,"style":"Bold","w":63.6,"data":{"shapes":[{"ty":"gr","it":[{"ind":0,"ty":"sh","ix":1,"ks":{"a":0,"k":{"i":[[0,0],[0,0],[0,0],[0,0],[0,0],[0,0],[0,0],[0,0],[0,0],[0,0],[0,0],[0,0]],"o":[[0,0],[0,0],[0,0],[0,0],[0,0],[0,0],[0,0],[0,0],[0,0],[0,0],[0,0],[0,0]],"v":[[64.151,0],[35.651,-35.651],[62.338,-67.172],[44.714,-67.172],[20.947,-37.262],[20.947,-67.172],[6.647,-67.172],[6.647,0],[20.947,0],[20.947,-20.645],[26.184,-26.99],[46.527,0]],"c":true},"ix":2},"nm":"K","mn":"ADBE Vector Shape - Group","hd":false}],"nm":"K","np":3,"cix":2,"bm":0,"ix":1,"mn":"ADBE Vector Group","hd":false}]},"fFamily":"Proxima Nova"},{"ch":"V","size":18,"style":"Bold","w":68.4,"data":{"shapes":[{"ty":"gr","it":[{"ind":0,"ty":"sh","ix":1,"ks":{"a":0,"k":{"i":[[0,0],[0,0],[0,0],[0,0],[0,0],[0,0],[0,0]],"o":[[0,0],[0,0],[0,0],[0,0],[0,0],[0,0],[0,0]],"v":[[43.405,0],[69.287,-67.172],[53.073,-67.172],[34.442,-15.61],[15.811,-67.172],[-0.403,-67.172],[25.479,0]],"c":true},"ix":2},"nm":"V","mn":"ADBE Vector Shape - Group","hd":false}],"nm":"V","np":3,"cix":2,"bm":0,"ix":1,"mn":"ADBE Vector Group","hd":false}]},"fFamily":"Proxima Nova"},{"ch":"O","size":18,"style":"Bold","w":76.5,"data":{"shapes":[{"ty":"gr","it":[{"ind":0,"ty":"sh","ix":1,"ks":{"a":0,"k":{"i":[[-20.343,0],[0,20.242],[20.242,0],[0,-20.242]],"o":[[20.242,0],[0,-20.242],[-20.343,0],[0,20.242]],"v":[[38.571,1.208],[73.618,-33.536],[38.571,-68.28],[3.424,-33.536]],"c":true},"ix":2},"nm":"O","mn":"ADBE Vector Shape - Group","hd":false},{"ind":1,"ty":"sh","ix":2,"ks":{"a":0,"k":{"i":[[12.387,0],[0,12.488],[-12.488,0],[0,-12.589]],"o":[[-12.488,0],[0,-12.589],[12.387,0],[0,12.488]],"v":[[38.571,-11.481],[18.127,-33.536],[38.571,-55.591],[58.914,-33.536]],"c":true},"ix":2},"nm":"O","mn":"ADBE Vector Shape - Group","hd":false}],"nm":"O","np":5,"cix":2,"bm":0,"ix":1,"mn":"ADBE Vector Group","hd":false}]},"fFamily":"Proxima Nova"},{"ch":"\r","size":18,"style":"Bold","w":0,"fFamily":"Proxima Nova"},{"ch":"F","size":18,"style":"Bold","w":57.1,"data":{"shapes":[{"ty":"gr","it":[{"ind":0,"ty":"sh","ix":1,"ks":{"a":0,"k":{"i":[[0,0],[0,0],[0,0],[0,0],[0,0],[0,0],[0,0],[0,0],[0,0],[0,0]],"o":[[0,0],[0,0],[0,0],[0,0],[0,0],[0,0],[0,0],[0,0],[0,0],[0,0]],"v":[[20.947,0],[20.947,-27.896],[53.476,-27.896],[53.476,-40.485],[20.947,-40.485],[20.947,-54.584],[54.181,-54.584],[54.181,-67.172],[6.647,-67.172],[6.647,0]],"c":true},"ix":2},"nm":"F","mn":"ADBE Vector Shape - Group","hd":false}],"nm":"F","np":3,"cix":2,"bm":0,"ix":1,"mn":"ADBE Vector Group","hd":false}]},"fFamily":"Proxima Nova"},{"ch":"M","size":18,"style":"Bold","w":85.5,"data":{"shapes":[{"ty":"gr","it":[{"ind":0,"ty":"sh","ix":1,"ks":{"a":0,"k":{"i":[[0,0],[0,0],[0,0],[0,0],[0,0],[0,0],[0,0],[0,0],[0,0],[0,0],[0,0],[0,0],[0,0]],"o":[[0,0],[0,0],[0,0],[0,0],[0,0],[0,0],[0,0],[0,0],[0,0],[0,0],[0,0],[0,0],[0,0]],"v":[[79.459,0],[79.459,-67.172],[59.317,-67.172],[43.002,-25.177],[26.688,-67.172],[6.647,-67.172],[6.647,0],[20.947,0],[20.947,-48.441],[39.88,0],[46.124,0],[65.057,-48.441],[65.057,0]],"c":true},"ix":2},"nm":"M","mn":"ADBE Vector Shape - Group","hd":false}],"nm":"M","np":3,"cix":2,"bm":0,"ix":1,"mn":"ADBE Vector Group","hd":false}]},"fFamily":"Proxima Nova"},{"ch":"Y","size":18,"style":"Bold","w":64.5,"data":{"shapes":[{"ty":"gr","it":[{"ind":0,"ty":"sh","ix":1,"ks":{"a":0,"k":{"i":[[0,0],[0,0],[0,0],[0,0],[0,0],[0,0],[0,0],[0,0],[0,0]],"o":[[0,0],[0,0],[0,0],[0,0],[0,0],[0,0],[0,0],[0,0],[0,0]],"v":[[39.679,0],[39.679,-27.493],[65.359,-67.172],[49.146,-67.172],[32.529,-40.283],[15.912,-67.172],[-0.403,-67.172],[25.378,-27.493],[25.378,0]],"c":true},"ix":2},"nm":"Y","mn":"ADBE Vector Shape - Group","hd":false}],"nm":"Y","np":3,"cix":2,"bm":0,"ix":1,"mn":"ADBE Vector Group","hd":false}]},"fFamily":"Proxima Nova"},{"ch":"T","size":18,"style":"Bold","w":58.2,"data":{"shapes":[{"ty":"gr","it":[{"ind":0,"ty":"sh","ix":1,"ks":{"a":0,"k":{"i":[[0,0],[0,0],[0,0],[0,0],[0,0],[0,0],[0,0],[0,0]],"o":[[0,0],[0,0],[0,0],[0,0],[0,0],[0,0],[0,0],[0,0]],"v":[[36.557,0],[36.557,-54.584],[56.094,-54.584],[56.094,-67.172],[2.518,-67.172],[2.518,-54.584],[22.156,-54.584],[22.156,0]],"c":true},"ix":2},"nm":"T","mn":"ADBE Vector Shape - Group","hd":false}],"nm":"T","np":3,"cix":2,"bm":0,"ix":1,"mn":"ADBE Vector Group","hd":false}]},"fFamily":"Proxima Nova"},{"ch":"B","size":18,"style":"Bold","w":66.3,"data":{"shapes":[{"ty":"gr","it":[{"ind":0,"ty":"sh","ix":1,"ks":{"a":0,"k":{"i":[[0,0],[0,10.172],[7.251,1.108],[0,8.359],[12.79,0],[0,0],[0,0]],"o":[[12.891,0],[0,-8.359],[6.345,-1.309],[0,-8.963],[0,0],[0,0],[0,0]],"v":[[43.103,0],[62.64,-18.228],[49.75,-34.644],[61.331,-50.052],[41.995,-67.172],[6.647,-67.172],[6.647,0]],"c":true},"ix":2},"nm":"B","mn":"ADBE Vector Shape - Group","hd":false},{"ind":1,"ty":"sh","ix":2,"ks":{"a":0,"k":{"i":[[4.834,0],[0,0],[0,0],[0,0],[0,-4.129]],"o":[[0,0],[0,0],[0,0],[4.834,0],[0,4.33]],"v":[[38.873,-40.485],[20.947,-40.485],[20.947,-54.584],[38.873,-54.584],[46.729,-47.534]],"c":true},"ix":2},"nm":"B","mn":"ADBE Vector Shape - Group","hd":false},{"ind":2,"ty":"sh","ix":3,"ks":{"a":0,"k":{"i":[[5.338,0],[0,0],[0,0],[0,0],[0,-4.23]],"o":[[0,0],[0,0],[0,0],[5.539,0],[0,4.834]],"v":[[39.478,-12.589],[20.947,-12.589],[20.947,-27.896],[39.478,-27.896],[48.038,-20.242]],"c":true},"ix":2},"nm":"B","mn":"ADBE Vector Shape - Group","hd":false}],"nm":"B","np":6,"cix":2,"bm":0,"ix":1,"mn":"ADBE Vector Group","hd":false}]},"fFamily":"Proxima Nova"},{"ch":"I","size":15,"style":"Semibold","w":25.9,"data":{"shapes":[{"ty":"gr","it":[{"ind":0,"ty":"sh","ix":1,"ks":{"a":0,"k":{"i":[[0,0],[0,0],[0,0],[0,0]],"o":[[0,0],[0,0],[0,0],[0,0]],"v":[[18.933,0],[18.933,-67.172],[7.15,-67.172],[7.15,0]],"c":true},"ix":2},"nm":"I","mn":"ADBE Vector Shape - Group","hd":false}],"nm":"I","np":3,"cix":2,"bm":0,"ix":1,"mn":"ADBE Vector Group","hd":false}]},"fFamily":"Proxima Nova"},{"ch":"N","size":15,"style":"Semibold","w":72,"data":{"shapes":[{"ty":"gr","it":[{"ind":0,"ty":"sh","ix":1,"ks":{"a":0,"k":{"i":[[0,0],[0,0],[0,0],[0,0],[0,0],[0,0],[0,0],[0,0],[0,0],[0,0]],"o":[[0,0],[0,0],[0,0],[0,0],[0,0],[0,0],[0,0],[0,0],[0,0],[0,0]],"v":[[65.359,0],[65.359,-67.172],[53.577,-67.172],[53.577,-20.645],[19.235,-67.172],[7.15,-67.172],[7.15,0],[18.933,0],[18.933,-48.038],[53.979,0]],"c":true},"ix":2},"nm":"N","mn":"ADBE Vector Shape - Group","hd":false}],"nm":"N","np":3,"cix":2,"bm":0,"ix":1,"mn":"ADBE Vector Group","hd":false}]},"fFamily":"Proxima Nova"},{"ch":" ","size":15,"style":"Semibold","w":25.8,"data":{},"fFamily":"Proxima Nova"},{"ch":"P","size":15,"style":"Semibold","w":60.9,"data":{"shapes":[{"ty":"gr","it":[{"ind":0,"ty":"sh","ix":1,"ks":{"a":0,"k":{"i":[[0,0],[0,0],[0,0],[0,11.38],[14.099,0],[0,0],[0,0]],"o":[[0,0],[0,0],[13.998,0],[0,-11.481],[0,0],[0,0],[0,0]],"v":[[18.933,0],[18.933,-25.177],[36.758,-25.177],[58.612,-46.124],[36.758,-67.172],[7.15,-67.172],[7.15,0]],"c":true},"ix":2},"nm":"P","mn":"ADBE Vector Shape - Group","hd":false},{"ind":1,"ty":"sh","ix":2,"ks":{"a":0,"k":{"i":[[6.647,0],[0,0],[0,0],[0,0],[0,-6.445]],"o":[[0,0],[0,0],[0,0],[6.647,0],[0,6.345]],"v":[[35.147,-35.55],[18.933,-35.55],[18.933,-56.799],[35.147,-56.799],[46.527,-46.124]],"c":true},"ix":2},"nm":"P","mn":"ADBE Vector Shape - Group","hd":false}],"nm":"P","np":5,"cix":2,"bm":0,"ix":1,"mn":"ADBE Vector Group","hd":false}]},"fFamily":"Proxima Nova"},{"ch":"A","size":15,"style":"Semibold","w":67.3,"data":{"shapes":[{"ty":"gr","it":[{"ind":0,"ty":"sh","ix":1,"ks":{"a":0,"k":{"i":[[0,0],[0,0],[0,0],[0,0],[0,0],[0,0],[0,0],[0,0]],"o":[[0,0],[0,0],[0,0],[0,0],[0,0],[0,0],[0,0],[0,0]],"v":[[67.676,0],[41.29,-67.172],[26.587,-67.172],[0.201,0],[13.596,0],[18.53,-12.991],[49.347,-12.991],[54.282,0]],"c":true},"ix":2},"nm":"A","mn":"ADBE Vector Shape - Group","hd":false},{"ind":1,"ty":"sh","ix":2,"ks":{"a":0,"k":{"i":[[0,0],[0,0],[0,0]],"o":[[0,0],[0,0],[0,0]],"v":[[46.024,-23.364],[21.854,-23.364],[33.939,-55.389]],"c":true},"ix":2},"nm":"A","mn":"ADBE Vector Shape - Group","hd":false}],"nm":"A","np":5,"cix":2,"bm":0,"ix":1,"mn":"ADBE Vector Group","hd":false}]},"fFamily":"Proxima Nova"},{"ch":"R","size":15,"style":"Semibold","w":62.9,"data":{"shapes":[{"ty":"gr","it":[{"ind":0,"ty":"sh","ix":1,"ks":{"a":0,"k":{"i":[[0,0],[0,0],[0,11.884],[13.293,0],[0,0],[0,0],[0,0],[0,0],[0,0],[0,0]],"o":[[0,0],[8.157,-1.309],[0,-12.488],[0,0],[0,0],[0,0],[0,0],[0,0],[0,0],[0,0]],"v":[[59.216,0],[42.7,-26.385],[58.713,-46.124],[36.658,-67.172],[7.15,-67.172],[7.15,0],[18.933,0],[18.933,-25.076],[30.716,-25.076],[45.52,0]],"c":true},"ix":2},"nm":"R","mn":"ADBE Vector Shape - Group","hd":false},{"ind":1,"ty":"sh","ix":2,"ks":{"a":0,"k":{"i":[[6.647,0],[0,0],[0,0],[0,0],[0,-6.445]],"o":[[0,0],[0,0],[0,0],[6.647,0],[0,6.546]],"v":[[35.147,-35.449],[18.933,-35.449],[18.933,-56.799],[35.147,-56.799],[46.628,-46.225]],"c":true},"ix":2},"nm":"R","mn":"ADBE Vector Shape - Group","hd":false}],"nm":"R","np":5,"cix":2,"bm":0,"ix":1,"mn":"ADBE Vector Group","hd":false}]},"fFamily":"Proxima Nova"},{"ch":"T","size":15,"style":"Semibold","w":57.7,"data":{"shapes":[{"ty":"gr","it":[{"ind":0,"ty":"sh","ix":1,"ks":{"a":0,"k":{"i":[[0,0],[0,0],[0,0],[0,0],[0,0],[0,0],[0,0],[0,0]],"o":[[0,0],[0,0],[0,0],[0,0],[0,0],[0,0],[0,0],[0,0]],"v":[[34.946,0],[34.946,-56.799],[55.289,-56.799],[55.289,-67.172],[2.82,-67.172],[2.82,-56.799],[23.163,-56.799],[23.163,0]],"c":true},"ix":2},"nm":"T","mn":"ADBE Vector Shape - Group","hd":false}],"nm":"T","np":3,"cix":2,"bm":0,"ix":1,"mn":"ADBE Vector Group","hd":false}]},"fFamily":"Proxima Nova"},{"ch":"E","size":15,"style":"Semibold","w":57.7,"data":{"shapes":[{"ty":"gr","it":[{"ind":0,"ty":"sh","ix":1,"ks":{"a":0,"k":{"i":[[0,0],[0,0],[0,0],[0,0],[0,0],[0,0],[0,0],[0,0],[0,0],[0,0],[0,0],[0,0]],"o":[[0,0],[0,0],[0,0],[0,0],[0,0],[0,0],[0,0],[0,0],[0,0],[0,0],[0,0],[0,0]],"v":[[53.174,0],[53.174,-10.373],[18.933,-10.373],[18.933,-29.105],[52.469,-29.105],[52.469,-39.478],[18.933,-39.478],[18.933,-56.799],[53.174,-56.799],[53.174,-67.172],[7.15,-67.172],[7.15,0]],"c":true},"ix":2},"nm":"E","mn":"ADBE Vector Shape - Group","hd":false}],"nm":"E","np":3,"cix":2,"bm":0,"ix":1,"mn":"ADBE Vector Group","hd":false}]},"fFamily":"Proxima Nova"},{"ch":"S","size":15,"style":"Semibold","w":59.4,"data":{"shapes":[{"ty":"gr","it":[{"ind":0,"ty":"sh","ix":1,"ks":{"a":0,"k":{"i":[[-12.387,0],[0,11.179],[0,12.589],[-6.848,0],[-5.338,-5.338],[0,0],[10.373,0],[0,-11.179],[0,-14.099],[9.668,0],[4.532,4.935],[0,0]],"o":[[18.027,0],[0,-24.976],[0,-4.935],[7.05,0],[0,0],[-6.143,-6.042],[-14.804,0],[0,24.673],[0,4.532],[-9.366,0],[0,0],[6.042,6.244]],"v":[[30.212,1.208],[56.195,-19.638],[17.12,-49.448],[28.4,-57.806],[47.937,-50.052],[54.584,-58.813],[29.507,-68.28],[5.035,-48.541],[44.11,-18.53],[30.716,-9.265],[9.467,-18.631],[2.82,-9.467]],"c":true},"ix":2},"nm":"S","mn":"ADBE Vector Shape - Group","hd":false}],"nm":"S","np":3,"cix":2,"bm":0,"ix":1,"mn":"ADBE Vector Group","hd":false}]},"fFamily":"Proxima Nova"},{"ch":"H","size":15,"style":"Semibold","w":72.3,"data":{"shapes":[{"ty":"gr","it":[{"ind":0,"ty":"sh","ix":1,"ks":{"a":0,"k":{"i":[[0,0],[0,0],[0,0],[0,0],[0,0],[0,0],[0,0],[0,0],[0,0],[0,0],[0,0],[0,0]],"o":[[0,0],[0,0],[0,0],[0,0],[0,0],[0,0],[0,0],[0,0],[0,0],[0,0],[0,0],[0,0]],"v":[[65.662,0],[65.662,-67.172],[53.879,-67.172],[53.879,-39.78],[18.933,-39.78],[18.933,-67.172],[7.15,-67.172],[7.15,0],[18.933,0],[18.933,-29.407],[53.879,-29.407],[53.879,0]],"c":true},"ix":2},"nm":"H","mn":"ADBE Vector Shape - Group","hd":false}],"nm":"H","np":3,"cix":2,"bm":0,"ix":1,"mn":"ADBE Vector Group","hd":false}]},"fFamily":"Proxima Nova"},{"ch":"W","size":15,"style":"Semibold","w":90.3,"data":{"shapes":[{"ty":"gr","it":[{"ind":0,"ty":"sh","ix":1,"ks":{"a":0,"k":{"i":[[0,0],[0,0],[0,0],[0,0],[0,0],[0,0],[0,0],[0,0],[0,0],[0,0],[0,0],[0,0],[0,0]],"o":[[0,0],[0,0],[0,0],[0,0],[0,0],[0,0],[0,0],[0,0],[0,0],[0,0],[0,0],[0,0],[0,0]],"v":[[71.1,0],[90.335,-67.172],[77.142,-67.172],[64.05,-15.509],[50.153,-67.172],[40.787,-67.172],[26.889,-15.509],[13.797,-67.172],[0.705,-67.172],[19.839,0],[32.428,0],[45.52,-49.649],[58.511,0]],"c":true},"ix":2},"nm":"W","mn":"ADBE Vector Shape - Group","hd":false}],"nm":"W","np":3,"cix":2,"bm":0,"ix":1,"mn":"ADBE Vector Group","hd":false}]},"fFamily":"Proxima Nova"},{"ch":"C","size":26,"style":"Semibold","w":68.2,"data":{"shapes":[{"ty":"gr","it":[{"ind":0,"ty":"sh","ix":1,"ks":{"a":0,"k":{"i":[[-19.839,0],[-5.136,8.057],[0,0],[7.15,0],[0,13.998],[-13.293,0],[-3.223,-5.64],[0,0],[13.495,0],[0,-20.746]],"o":[[13.495,0],[0,0],[-3.223,5.539],[-13.293,0],[0,-14.2],[7.15,0],[0,0],[-4.935,-8.057],[-19.839,0],[0,20.645]],"v":[[39.478,1.208],[66.467,-13.998],[56.396,-19.034],[39.478,-9.265],[16.315,-33.536],[39.478,-57.806],[56.396,-48.038],[66.367,-53.275],[39.478,-68.28],[4.23,-33.536]],"c":true},"ix":2},"nm":"C","mn":"ADBE Vector Shape - Group","hd":false}],"nm":"C","np":3,"cix":2,"bm":0,"ix":1,"mn":"ADBE Vector Group","hd":false}]},"fFamily":"Proxima Nova"},{"ch":"L","size":26,"style":"Semibold","w":50.6,"data":{"shapes":[{"ty":"gr","it":[{"ind":0,"ty":"sh","ix":1,"ks":{"a":0,"k":{"i":[[0,0],[0,0],[0,0],[0,0],[0,0],[0,0]],"o":[[0,0],[0,0],[0,0],[0,0],[0,0],[0,0]],"v":[[47.736,0],[47.736,-10.373],[18.127,-10.373],[18.127,-67.172],[6.345,-67.172],[6.345,0]],"c":true},"ix":2},"nm":"L","mn":"ADBE Vector Shape - Group","hd":false}],"nm":"L","np":3,"cix":2,"bm":0,"ix":1,"mn":"ADBE Vector Group","hd":false}]},"fFamily":"Proxima Nova"},{"ch":"K","size":26,"style":"Semibold","w":62.1,"data":{"shapes":[{"ty":"gr","it":[{"ind":0,"ty":"sh","ix":1,"ks":{"a":0,"k":{"i":[[0,0],[0,0],[0,0],[0,0],[0,0],[0,0],[0,0],[0,0],[0,0],[0,0],[0,0],[0,0]],"o":[[0,0],[0,0],[0,0],[0,0],[0,0],[0,0],[0,0],[0,0],[0,0],[0,0],[0,0],[0,0]],"v":[[61.935,0],[32.529,-35.55],[59.821,-67.172],[45.218,-67.172],[18.933,-35.248],[18.933,-67.172],[7.15,-67.172],[7.15,0],[18.933,0],[18.933,-21.451],[24.875,-28.4],[47.333,0]],"c":true},"ix":2},"nm":"K","mn":"ADBE Vector Shape - Group","hd":false}],"nm":"K","np":3,"cix":2,"bm":0,"ix":1,"mn":"ADBE Vector Group","hd":false}]},"fFamily":"Proxima Nova"},{"ch":"F","size":26,"style":"Semibold","w":56.3,"data":{"shapes":[{"ty":"gr","it":[{"ind":0,"ty":"sh","ix":1,"ks":{"a":0,"k":{"i":[[0,0],[0,0],[0,0],[0,0],[0,0],[0,0],[0,0],[0,0],[0,0],[0,0]],"o":[[0,0],[0,0],[0,0],[0,0],[0,0],[0,0],[0,0],[0,0],[0,0],[0,0]],"v":[[18.933,0],[18.933,-29.105],[52.469,-29.105],[52.469,-39.478],[18.933,-39.478],[18.933,-56.799],[53.174,-56.799],[53.174,-67.172],[7.15,-67.172],[7.15,0]],"c":true},"ix":2},"nm":"F","mn":"ADBE Vector Shape - Group","hd":false}],"nm":"F","np":3,"cix":2,"bm":0,"ix":1,"mn":"ADBE Vector Group","hd":false}]},"fFamily":"Proxima Nova"},{"ch":"O","size":26,"style":"Semibold","w":76.5,"data":{"shapes":[{"ty":"gr","it":[{"ind":0,"ty":"sh","ix":1,"ks":{"a":0,"k":{"i":[[-20.142,0],[0,20.041],[20.041,0],[0,-20.041]],"o":[[20.041,0],[0,-20.041],[-20.142,0],[0,20.041]],"v":[[38.571,1.208],[72.913,-33.536],[38.571,-68.28],[4.23,-33.536]],"c":true},"ix":2},"nm":"O","mn":"ADBE Vector Shape - Group","hd":false},{"ind":1,"ty":"sh","ix":2,"ks":{"a":0,"k":{"i":[[13.495,0],[0,13.797],[-13.596,0],[0,-13.898]],"o":[[-13.596,0],[0,-13.898],[13.495,0],[0,13.797]],"v":[[38.571,-9.265],[16.315,-33.536],[38.571,-57.806],[60.828,-33.536]],"c":true},"ix":2},"nm":"O","mn":"ADBE Vector Shape - Group","hd":false}],"nm":"O","np":5,"cix":2,"bm":0,"ix":1,"mn":"ADBE Vector Group","hd":false}]},"fFamily":"Proxima Nova"},{"ch":"M","size":26,"style":"Semibold","w":83.5,"data":{"shapes":[{"ty":"gr","it":[{"ind":0,"ty":"sh","ix":1,"ks":{"a":0,"k":{"i":[[0,0],[0,0],[0,0],[0,0],[0,0],[0,0],[0,0],[0,0],[0,0],[0,0],[0,0],[0,0],[0,0]],"o":[[0,0],[0,0],[0,0],[0,0],[0,0],[0,0],[0,0],[0,0],[0,0],[0,0],[0,0],[0,0],[0,0]],"v":[[76.941,0],[76.941,-67.172],[60.324,-67.172],[42.096,-21.048],[23.767,-67.172],[7.15,-67.172],[7.15,0],[18.933,0],[18.933,-51.865],[39.578,0],[44.614,0],[65.158,-51.865],[65.158,0]],"c":true},"ix":2},"nm":"M","mn":"ADBE Vector Shape - Group","hd":false}],"nm":"M","np":3,"cix":2,"bm":0,"ix":1,"mn":"ADBE Vector Group","hd":false}]},"fFamily":"Proxima Nova"}]}