{"v":"5.7.1","fr":29.9700012207031,"ip":0,"op":209.000008512745,"w":160,"h":600,"nm":"160 x 600","ddd":0,"assets":[{"id":"image_0","w":437,"h":280,"u":"images/","p":"img_0.png","e":0},{"id":"image_1","w":342,"h":201,"u":"images/","p":"img_1.png","e":0},{"id":"image_2","w":434,"h":202,"u":"images/","p":"img_2.png","e":0},{"id":"image_3","w":595,"h":1281,"u":"images/","p":"img_3.png","e":0},{"id":"image_4","w":849,"h":543,"u":"images/","p":"img_4.png","e":0},{"id":"image_5","w":309,"h":67,"u":"images/","p":"img_5.png","e":0},{"id":"image_6","w":3081,"h":606,"u":"images/","p":"img_6.png","e":0},{"id":"image_7","w":1921,"h":394,"u":"images/","p":"img_7.png","e":0},{"id":"image_8","w":1920,"h":1080,"u":"images/","p":"img_8.jpg","e":0}],"fonts":{"list":[{"fName":"ProximaNova-Semibold","fFamily":"Proxima Nova","fStyle":"Semibold","ascent":66.69921875},{"fName":"ProximaNova-Regular","fFamily":"Proxima Nova","fStyle":"Regular","ascent":66.69921875}]},"layers":[{"ddd":0,"ind":1,"ty":2,"nm":"JW logo.png","cl":"png","refId":"image_0","sr":1,"ks":{"o":{"a":1,"k":[{"i":{"x":[0.833],"y":[0.833]},"o":{"x":[0.167],"y":[0.167]},"t":111,"s":[100]},{"t":119.000004846969,"s":[0]}],"ix":11},"r":{"a":0,"k":0,"ix":10},"p":{"a":0,"k":[81.399,296.5,0],"ix":2},"a":{"a":0,"k":[218.5,140,0],"ix":1},"s":{"a":0,"k":[22.063,22.063,100],"ix":6}},"ao":0,"ip":0,"op":119.000004846969,"st":0,"bm":0},{"ddd":0,"ind":2,"ty":2,"nm":"singleton logo.png","cl":"png","refId":"image_1","sr":1,"ks":{"o":{"a":1,"k":[{"i":{"x":[0.833],"y":[0.833]},"o":{"x":[0.167],"y":[0.167]},"t":111,"s":[100]},{"t":119.000004846969,"s":[0]}],"ix":11},"r":{"a":0,"k":0,"ix":10},"p":{"a":0,"k":[81.399,430,0],"ix":2},"a":{"a":0,"k":[171,100.5,0],"ix":1},"s":{"a":0,"k":[24.11,24.11,100],"ix":6}},"ao":0,"ip":0,"op":119.000004846969,"st":0,"bm":0},{"ddd":0,"ind":3,"ty":2,"nm":"tanq logo.png","cl":"png","refId":"image_2","sr":1,"ks":{"o":{"a":1,"k":[{"i":{"x":[0.833],"y":[0.833]},"o":{"x":[0.167],"y":[0.167]},"t":111,"s":[100]},{"t":119.000004846969,"s":[0]}],"ix":11},"r":{"a":0,"k":0,"ix":10},"p":{"a":0,"k":[81.399,363.25,0],"ix":2},"a":{"a":0,"k":[217,101,0],"ix":1},"s":{"a":0,"k":[22.063,22.063,100],"ix":6}},"ao":0,"ip":0,"op":119.000004846969,"st":0,"bm":0},{"ddd":0,"ind":4,"ty":5,"nm":"AND MANY MORE!","sr":1,"ks":{"o":{"a":1,"k":[{"i":{"x":[0.833],"y":[0.833]},"o":{"x":[0.167],"y":[0.167]},"t":127,"s":[0]},{"i":{"x":[0.833],"y":[0.833]},"o":{"x":[0.167],"y":[0.167]},"t":133,"s":[100]},{"i":{"x":[0.833],"y":[0.833]},"o":{"x":[0.167],"y":[0.167]},"t":198,"s":[100]},{"t":206.000008390552,"s":[0]}],"ix":11},"r":{"a":0,"k":0,"ix":10},"p":{"a":0,"k":[42.503,521,0],"ix":2},"a":{"a":0,"k":[0,0,0],"ix":1},"s":{"a":0,"k":[45.205,45.205,100],"ix":6}},"ao":0,"t":{"d":{"k":[{"s":{"s":20,"f":"ProximaNova-Semibold","t":"AND MANY MORE!","j":0,"tr":32,"lh":24,"ls":0,"fc":[1,1,1]},"t":0}]},"p":{},"m":{"g":1,"a":{"a":0,"k":[0,0],"ix":2}},"a":[]},"ip":127.000005172816,"op":315.000012830213,"st":138.000005620855,"bm":0},{"ddd":0,"ind":5,"ty":5,"nm":"PARTICIPATING BARS","sr":1,"ks":{"o":{"a":1,"k":[{"i":{"x":[0.833],"y":[0.833]},"o":{"x":[0.167],"y":[0.167]},"t":127,"s":[0]},{"i":{"x":[0.833],"y":[0.833]},"o":{"x":[0.167],"y":[0.167]},"t":133,"s":[100]},{"i":{"x":[0.833],"y":[0.833]},"o":{"x":[0.167],"y":[0.167]},"t":198,"s":[100]},{"t":206.000008390552,"s":[0]}],"ix":11},"r":{"a":0,"k":0,"ix":10},"p":{"a":0,"k":[35.722,188,0],"ix":2},"a":{"a":0,"k":[0,0,0],"ix":1},"s":{"a":0,"k":[45.205,45.205,100],"ix":6}},"ao":0,"t":{"d":{"k":[{"s":{"s":20,"f":"ProximaNova-Semibold","t":"PARTICIPATING BARS","j":0,"tr":32,"lh":24,"ls":0,"fc":[1,1,1]},"t":0}]},"p":{},"m":{"g":1,"a":{"a":0,"k":[0,0],"ix":2}},"a":[]},"ip":127.000005172816,"op":315.000012830213,"st":138.000005620855,"bm":0},{"ddd":0,"ind":6,"ty":2,"nm":"Bar logos vertical.png","cl":"png","refId":"image_3","sr":1,"ks":{"o":{"a":1,"k":[{"i":{"x":[0.833],"y":[0.833]},"o":{"x":[0.167],"y":[0.167]},"t":127,"s":[0]},{"i":{"x":[0.833],"y":[0.833]},"o":{"x":[0.167],"y":[0.167]},"t":133,"s":[100]},{"i":{"x":[0.833],"y":[0.833]},"o":{"x":[0.167],"y":[0.167]},"t":198,"s":[100]},{"t":206.000008390552,"s":[0]}],"ix":11},"r":{"a":0,"k":0,"ix":10},"p":{"a":0,"k":[82.723,349,0],"ix":2},"a":{"a":0,"k":[297.5,640.5,0],"ix":1},"s":{"a":0,"k":[21.303,21.303,100],"ix":6}},"ao":0,"ip":127.000005172816,"op":727.000029611317,"st":127.000005172816,"bm":0},{"ddd":0,"ind":7,"ty":5,"nm":"PURCHASE A DRINK VOUCHER 2","sr":1,"ks":{"o":{"a":1,"k":[{"i":{"x":[0.667],"y":[1]},"o":{"x":[0.333],"y":[0]},"t":31,"s":[0]},{"i":{"x":[0.833],"y":[1]},"o":{"x":[0.333],"y":[0]},"t":43,"s":[100]},{"i":{"x":[0.833],"y":[1]},"o":{"x":[0.167],"y":[0]},"t":111,"s":[100]},{"t":119.000004846969,"s":[0]}],"ix":11},"r":{"a":0,"k":0,"ix":10},"p":{"a":0,"k":[15.287,214.988,0],"ix":2},"a":{"a":0,"k":[0,0,0],"ix":1},"s":{"a":0,"k":[51.316,51.316,100],"ix":6}},"ao":0,"t":{"d":{"k":[{"s":{"s":17,"f":"ProximaNova-Semibold","t":"PURCHASE A DRINK VOUCHER","j":0,"tr":30,"lh":20.4,"ls":0,"fc":[0,0,0]},"t":0}]},"p":{},"m":{"g":1,"a":{"a":0,"k":[0,0],"ix":2}},"a":[]},"ip":31.0000012626559,"op":113.000004602584,"st":7.00000028511585,"bm":0},{"ddd":0,"ind":8,"ty":4,"nm":"Shape Layer 5","sr":1,"ks":{"o":{"a":1,"k":[{"i":{"x":[0.667],"y":[1]},"o":{"x":[0.333],"y":[0]},"t":31,"s":[0]},{"i":{"x":[0.833],"y":[1]},"o":{"x":[0.333],"y":[0]},"t":43,"s":[100]},{"i":{"x":[0.833],"y":[1]},"o":{"x":[0.167],"y":[0]},"t":111,"s":[100]},{"t":119.000004846969,"s":[0]}],"ix":11},"r":{"a":0,"k":0,"ix":10},"p":{"a":0,"k":[80.5,301.25,0],"ix":2},"a":{"a":0,"k":[0,0,0],"ix":1},"s":{"a":0,"k":[100,100.635,100],"ix":6}},"ao":0,"shapes":[{"ty":"gr","it":[{"ty":"rc","d":1,"s":{"a":0,"k":[142.445,21.513],"ix":2},"p":{"a":0,"k":[0,0],"ix":3},"r":{"a":0,"k":0,"ix":4},"nm":"Rectangle Path 1","mn":"ADBE Vector Shape - Rect","hd":false},{"ty":"fl","c":{"a":0,"k":[0.919087009804,0.666825537588,0.245188395182,1],"ix":4},"o":{"a":0,"k":100,"ix":5},"r":1,"bm":0,"nm":"Fill 1","mn":"ADBE Vector Graphic - Fill","hd":false},{"ty":"tr","p":{"a":0,"k":[0.223,-89.494],"ix":2},"a":{"a":0,"k":[0,0],"ix":1},"s":{"a":0,"k":[100,100],"ix":3},"r":{"a":0,"k":0,"ix":6},"o":{"a":0,"k":100,"ix":7},"sk":{"a":0,"k":0,"ix":4},"sa":{"a":0,"k":0,"ix":5},"nm":"Transform"}],"nm":"Rectangle 1","np":3,"cix":2,"bm":0,"ix":1,"mn":"ADBE Vector Group","hd":false}],"ip":31.0000012626559,"op":124.000005050624,"st":31.0000012626559,"bm":0},{"ddd":0,"ind":9,"ty":4,"nm":"Shape Layer 4","sr":1,"ks":{"o":{"a":1,"k":[{"i":{"x":[0.833],"y":[0.833]},"o":{"x":[0.167],"y":[0.167]},"t":88,"s":[100]},{"t":96.0000039101602,"s":[0]}],"ix":11},"r":{"a":0,"k":0,"ix":10},"p":{"a":0,"k":[80.874,155.012,0],"ix":2},"a":{"a":0,"k":[0,0,0],"ix":1},"s":{"a":0,"k":[76,76,100],"ix":6}},"ao":0,"shapes":[{"ty":"gr","it":[{"ind":0,"ty":"sh","ix":1,"ks":{"a":0,"k":{"i":[[0,0],[0,0],[0,0],[0,0],[0,0],[0,0]],"o":[[0,0],[0,0],[0,0],[0,0],[0,0],[0,0]],"v":[[-7.5,60.5],[92.25,60.5],[92.25,87],[-93.5,87],[-93.5,60.75],[-7,60.75]],"c":false},"ix":2},"nm":"Path 1","mn":"ADBE Vector Shape - Group","hd":false},{"ty":"st","c":{"a":0,"k":[1,1,1,1],"ix":3},"o":{"a":0,"k":100,"ix":4},"w":{"a":0,"k":1,"ix":5},"lc":1,"lj":1,"ml":4,"bm":0,"nm":"Stroke 1","mn":"ADBE Vector Graphic - Stroke","hd":false},{"ty":"tr","p":{"a":0,"k":[0,0],"ix":2},"a":{"a":0,"k":[0,0],"ix":1},"s":{"a":0,"k":[100,100],"ix":3},"r":{"a":0,"k":0,"ix":6},"o":{"a":0,"k":100,"ix":7},"sk":{"a":0,"k":0,"ix":4},"sa":{"a":0,"k":0,"ix":5},"nm":"Transform"}],"nm":"Shape 1","np":3,"cix":2,"bm":0,"ix":1,"mn":"ADBE Vector Group","hd":false},{"ty":"tm","s":{"a":0,"k":0,"ix":1},"e":{"a":1,"k":[{"i":{"x":[0.667],"y":[1]},"o":{"x":[0.167],"y":[0.167]},"t":17,"s":[0]},{"t":29.0000011811942,"s":[100]}],"ix":2},"o":{"a":0,"k":0,"ix":3},"m":1,"ix":2,"nm":"Trim Paths 1","mn":"ADBE Vector Filter - Trim","hd":false}],"ip":-1.00000004073083,"op":76.0000030955434,"st":-1.00000004073083,"bm":0},{"ddd":0,"ind":10,"ty":5,"nm":"PURCHASE A DRINK VOUCHER","sr":1,"ks":{"o":{"a":1,"k":[{"i":{"x":[0.667],"y":[1]},"o":{"x":[0.333],"y":[0]},"t":7,"s":[0]},{"i":{"x":[0.833],"y":[1]},"o":{"x":[0.333],"y":[0]},"t":15,"s":[100]},{"i":{"x":[0.833],"y":[1]},"o":{"x":[0.167],"y":[0]},"t":88,"s":[100]},{"t":96.0000039101602,"s":[0]}],"ix":11},"r":{"a":0,"k":0,"ix":10},"p":{"a":0,"k":[15.787,214.988,0],"ix":2},"a":{"a":0,"k":[0,0,0],"ix":1},"s":{"a":0,"k":[51.316,51.316,100],"ix":6}},"ao":0,"t":{"d":{"k":[{"s":{"s":17,"f":"ProximaNova-Regular","t":"PURCHASE A DRINK VOUCHER","j":0,"tr":30,"lh":20.4,"ls":0,"fc":[1,1,1]},"t":0}]},"p":{},"m":{"g":1,"a":{"a":0,"k":[0,0],"ix":2}},"a":[]},"ip":8.00000032584668,"op":76.0000030955434,"st":-16.0000006516934,"bm":0},{"ddd":0,"ind":11,"ty":2,"nm":"RTB logo.png","cl":"png","refId":"image_4","sr":1,"ks":{"o":{"a":1,"k":[{"i":{"x":[0.833],"y":[0.833]},"o":{"x":[0.167],"y":[0.167]},"t":198,"s":[100]},{"t":206.000008390552,"s":[0]}],"ix":11},"r":{"a":0,"k":0,"ix":10},"p":{"a":0,"k":[82.723,107.5,0],"ix":2},"a":{"a":0,"k":[424.5,271.5,0],"ix":1},"s":{"a":0,"k":[15.994,15.994,100],"ix":6}},"ao":0,"ip":0,"op":203.000008268359,"st":0,"bm":0},{"ddd":0,"ind":12,"ty":5,"nm":"SUPPORT OUR LOCAL BARS","sr":1,"ks":{"o":{"a":1,"k":[{"i":{"x":[0.833],"y":[0.833]},"o":{"x":[0.167],"y":[0.167]},"t":111,"s":[100]},{"t":119.000004846969,"s":[0]}],"ix":11},"r":{"a":0,"k":0,"ix":10},"p":{"a":0,"k":[11.592,173.5,0],"ix":2},"a":{"a":0,"k":[0,0,0],"ix":1},"s":{"a":0,"k":[50.559,50.559,100],"ix":6}},"ao":0,"t":{"d":{"k":[{"s":{"s":20,"f":"ProximaNova-Semibold","t":"SUPPORT OUR LOCAL BARS","j":0,"tr":32,"lh":24,"ls":0,"fc":[1,1,1]},"t":0}]},"p":{},"m":{"g":1,"a":{"a":0,"k":[0,0],"ix":2}},"a":[]},"ip":-3.00000012219251,"op":126.000005132085,"st":8.00000032584668,"bm":0},{"ddd":0,"ind":13,"ty":5,"nm":"IN PARTNERSHIP WITH","sr":1,"ks":{"o":{"a":1,"k":[{"i":{"x":[0.833],"y":[0.833]},"o":{"x":[0.167],"y":[0.167]},"t":111,"s":[100]},{"t":119.000004846969,"s":[0]}],"ix":11},"r":{"a":0,"k":0,"ix":10},"p":{"a":0,"k":[37.835,490.5,0],"ix":2},"a":{"a":0,"k":[0,0,0],"ix":1},"s":{"a":0,"k":[55.666,55.666,100],"ix":6}},"ao":0,"t":{"d":{"k":[{"s":{"s":15,"f":"ProximaNova-Semibold","t":"IN PARTNERSHIP WITH","j":0,"tr":32,"lh":18,"ls":0,"fc":[1,1,1]},"t":0}]},"p":{},"m":{"g":1,"a":{"a":0,"k":[0,0],"ix":2}},"a":[]},"ip":-3.00000012219251,"op":126.000005132085,"st":8.00000032584668,"bm":0},{"ddd":0,"ind":15,"ty":2,"nm":"logos RTB 3.png","cl":"png","refId":"image_5","sr":1,"ks":{"o":{"a":1,"k":[{"i":{"x":[0.833],"y":[0.833]},"o":{"x":[0.167],"y":[0.167]},"t":111,"s":[100]},{"t":119.000004846969,"s":[0]}],"ix":11},"r":{"a":0,"k":0,"ix":10},"p":{"a":0,"k":[82.723,528,0],"ix":2},"a":{"a":0,"k":[154.5,33.5,0],"ix":1},"s":{"a":0,"k":[28.266,28.266,100],"ix":6}},"ao":0,"ip":0,"op":636.000025904811,"st":0,"bm":0},{"ddd":0,"ind":16,"ty":2,"nm":"DR - 18.png","cl":"png","refId":"image_6","sr":1,"ks":{"o":{"a":0,"k":100,"ix":11},"r":{"a":0,"k":0,"ix":10},"p":{"a":0,"k":[46.75,585.625,0],"ix":2},"a":{"a":0,"k":[1540.5,303,0],"ix":1},"s":{"a":0,"k":[2.417,2.417,100],"ix":6}},"ao":0,"ip":0,"op":600.000024438501,"st":0,"bm":0},{"ddd":0,"ind":17,"ty":2,"nm":"DrinkiQcom.png","cl":"png","refId":"image_7","sr":1,"ks":{"o":{"a":0,"k":100,"ix":11},"r":{"a":0,"k":0,"ix":10},"p":{"a":0,"k":[122.75,584.625,0],"ix":2},"a":{"a":0,"k":[960.5,197,0],"ix":1},"s":{"a":0,"k":[2.971,2.971,100],"ix":6}},"ao":0,"ip":0,"op":600.000024438501,"st":0,"bm":0},{"ddd":0,"ind":18,"ty":2,"nm":"background RTB.jpg","cl":"jpg","refId":"image_8","sr":1,"ks":{"o":{"a":0,"k":100,"ix":11},"r":{"a":0,"k":0,"ix":10},"p":{"a":0,"k":[53,304.5,0],"ix":2},"a":{"a":0,"k":[960,540,0],"ix":1},"s":{"a":0,"k":[57.051,57.051,100],"ix":6}},"ao":0,"ip":-29.0000011811942,"op":571.000023257307,"st":-29.0000011811942,"bm":0}],"markers":[],"chars":[{"ch":"I","size":15,"style":"Semibold","w":25.9,"data":{"shapes":[{"ty":"gr","it":[{"ind":0,"ty":"sh","ix":1,"ks":{"a":0,"k":{"i":[[0,0],[0,0],[0,0],[0,0]],"o":[[0,0],[0,0],[0,0],[0,0]],"v":[[18.933,0],[18.933,-67.172],[7.15,-67.172],[7.15,0]],"c":true},"ix":2},"nm":"I","mn":"ADBE Vector Shape - Group","hd":false}],"nm":"I","np":3,"cix":2,"bm":0,"ix":1,"mn":"ADBE Vector Group","hd":false}]},"fFamily":"Proxima Nova"},{"ch":"N","size":15,"style":"Semibold","w":72,"data":{"shapes":[{"ty":"gr","it":[{"ind":0,"ty":"sh","ix":1,"ks":{"a":0,"k":{"i":[[0,0],[0,0],[0,0],[0,0],[0,0],[0,0],[0,0],[0,0],[0,0],[0,0]],"o":[[0,0],[0,0],[0,0],[0,0],[0,0],[0,0],[0,0],[0,0],[0,0],[0,0]],"v":[[65.359,0],[65.359,-67.172],[53.577,-67.172],[53.577,-20.645],[19.235,-67.172],[7.15,-67.172],[7.15,0],[18.933,0],[18.933,-48.038],[53.979,0]],"c":true},"ix":2},"nm":"N","mn":"ADBE Vector Shape - Group","hd":false}],"nm":"N","np":3,"cix":2,"bm":0,"ix":1,"mn":"ADBE Vector Group","hd":false}]},"fFamily":"Proxima Nova"},{"ch":" ","size":15,"style":"Semibold","w":25.8,"data":{},"fFamily":"Proxima Nova"},{"ch":"P","size":15,"style":"Semibold","w":60.9,"data":{"shapes":[{"ty":"gr","it":[{"ind":0,"ty":"sh","ix":1,"ks":{"a":0,"k":{"i":[[0,0],[0,0],[0,0],[0,11.38],[14.099,0],[0,0],[0,0]],"o":[[0,0],[0,0],[13.998,0],[0,-11.481],[0,0],[0,0],[0,0]],"v":[[18.933,0],[18.933,-25.177],[36.758,-25.177],[58.612,-46.124],[36.758,-67.172],[7.15,-67.172],[7.15,0]],"c":true},"ix":2},"nm":"P","mn":"ADBE Vector Shape - Group","hd":false},{"ind":1,"ty":"sh","ix":2,"ks":{"a":0,"k":{"i":[[6.647,0],[0,0],[0,0],[0,0],[0,-6.445]],"o":[[0,0],[0,0],[0,0],[6.647,0],[0,6.345]],"v":[[35.147,-35.55],[18.933,-35.55],[18.933,-56.799],[35.147,-56.799],[46.527,-46.124]],"c":true},"ix":2},"nm":"P","mn":"ADBE Vector Shape - Group","hd":false}],"nm":"P","np":5,"cix":2,"bm":0,"ix":1,"mn":"ADBE Vector Group","hd":false}]},"fFamily":"Proxima Nova"},{"ch":"A","size":15,"style":"Semibold","w":67.3,"data":{"shapes":[{"ty":"gr","it":[{"ind":0,"ty":"sh","ix":1,"ks":{"a":0,"k":{"i":[[0,0],[0,0],[0,0],[0,0],[0,0],[0,0],[0,0],[0,0]],"o":[[0,0],[0,0],[0,0],[0,0],[0,0],[0,0],[0,0],[0,0]],"v":[[67.676,0],[41.29,-67.172],[26.587,-67.172],[0.201,0],[13.596,0],[18.53,-12.991],[49.347,-12.991],[54.282,0]],"c":true},"ix":2},"nm":"A","mn":"ADBE Vector Shape - Group","hd":false},{"ind":1,"ty":"sh","ix":2,"ks":{"a":0,"k":{"i":[[0,0],[0,0],[0,0]],"o":[[0,0],[0,0],[0,0]],"v":[[46.024,-23.364],[21.854,-23.364],[33.939,-55.389]],"c":true},"ix":2},"nm":"A","mn":"ADBE Vector Shape - Group","hd":false}],"nm":"A","np":5,"cix":2,"bm":0,"ix":1,"mn":"ADBE Vector Group","hd":false}]},"fFamily":"Proxima Nova"},{"ch":"R","size":15,"style":"Semibold","w":62.9,"data":{"shapes":[{"ty":"gr","it":[{"ind":0,"ty":"sh","ix":1,"ks":{"a":0,"k":{"i":[[0,0],[0,0],[0,11.884],[13.293,0],[0,0],[0,0],[0,0],[0,0],[0,0],[0,0]],"o":[[0,0],[8.157,-1.309],[0,-12.488],[0,0],[0,0],[0,0],[0,0],[0,0],[0,0],[0,0]],"v":[[59.216,0],[42.7,-26.385],[58.713,-46.124],[36.658,-67.172],[7.15,-67.172],[7.15,0],[18.933,0],[18.933,-25.076],[30.716,-25.076],[45.52,0]],"c":true},"ix":2},"nm":"R","mn":"ADBE Vector Shape - Group","hd":false},{"ind":1,"ty":"sh","ix":2,"ks":{"a":0,"k":{"i":[[6.647,0],[0,0],[0,0],[0,0],[0,-6.445]],"o":[[0,0],[0,0],[0,0],[6.647,0],[0,6.546]],"v":[[35.147,-35.449],[18.933,-35.449],[18.933,-56.799],[35.147,-56.799],[46.628,-46.225]],"c":true},"ix":2},"nm":"R","mn":"ADBE Vector Shape - Group","hd":false}],"nm":"R","np":5,"cix":2,"bm":0,"ix":1,"mn":"ADBE Vector Group","hd":false}]},"fFamily":"Proxima Nova"},{"ch":"T","size":15,"style":"Semibold","w":57.7,"data":{"shapes":[{"ty":"gr","it":[{"ind":0,"ty":"sh","ix":1,"ks":{"a":0,"k":{"i":[[0,0],[0,0],[0,0],[0,0],[0,0],[0,0],[0,0],[0,0]],"o":[[0,0],[0,0],[0,0],[0,0],[0,0],[0,0],[0,0],[0,0]],"v":[[34.946,0],[34.946,-56.799],[55.289,-56.799],[55.289,-67.172],[2.82,-67.172],[2.82,-56.799],[23.163,-56.799],[23.163,0]],"c":true},"ix":2},"nm":"T","mn":"ADBE Vector Shape - Group","hd":false}],"nm":"T","np":3,"cix":2,"bm":0,"ix":1,"mn":"ADBE Vector Group","hd":false}]},"fFamily":"Proxima Nova"},{"ch":"E","size":15,"style":"Semibold","w":57.7,"data":{"shapes":[{"ty":"gr","it":[{"ind":0,"ty":"sh","ix":1,"ks":{"a":0,"k":{"i":[[0,0],[0,0],[0,0],[0,0],[0,0],[0,0],[0,0],[0,0],[0,0],[0,0],[0,0],[0,0]],"o":[[0,0],[0,0],[0,0],[0,0],[0,0],[0,0],[0,0],[0,0],[0,0],[0,0],[0,0],[0,0]],"v":[[53.174,0],[53.174,-10.373],[18.933,-10.373],[18.933,-29.105],[52.469,-29.105],[52.469,-39.478],[18.933,-39.478],[18.933,-56.799],[53.174,-56.799],[53.174,-67.172],[7.15,-67.172],[7.15,0]],"c":true},"ix":2},"nm":"E","mn":"ADBE Vector Shape - Group","hd":false}],"nm":"E","np":3,"cix":2,"bm":0,"ix":1,"mn":"ADBE Vector Group","hd":false}]},"fFamily":"Proxima Nova"},{"ch":"S","size":15,"style":"Semibold","w":59.4,"data":{"shapes":[{"ty":"gr","it":[{"ind":0,"ty":"sh","ix":1,"ks":{"a":0,"k":{"i":[[-12.387,0],[0,11.179],[0,12.589],[-6.848,0],[-5.338,-5.338],[0,0],[10.373,0],[0,-11.179],[0,-14.099],[9.668,0],[4.532,4.935],[0,0]],"o":[[18.027,0],[0,-24.976],[0,-4.935],[7.05,0],[0,0],[-6.143,-6.042],[-14.804,0],[0,24.673],[0,4.532],[-9.366,0],[0,0],[6.042,6.244]],"v":[[30.212,1.208],[56.195,-19.638],[17.12,-49.448],[28.4,-57.806],[47.937,-50.052],[54.584,-58.813],[29.507,-68.28],[5.035,-48.541],[44.11,-18.53],[30.716,-9.265],[9.467,-18.631],[2.82,-9.467]],"c":true},"ix":2},"nm":"S","mn":"ADBE Vector Shape - Group","hd":false}],"nm":"S","np":3,"cix":2,"bm":0,"ix":1,"mn":"ADBE Vector Group","hd":false}]},"fFamily":"Proxima Nova"},{"ch":"H","size":15,"style":"Semibold","w":72.3,"data":{"shapes":[{"ty":"gr","it":[{"ind":0,"ty":"sh","ix":1,"ks":{"a":0,"k":{"i":[[0,0],[0,0],[0,0],[0,0],[0,0],[0,0],[0,0],[0,0],[0,0],[0,0],[0,0],[0,0]],"o":[[0,0],[0,0],[0,0],[0,0],[0,0],[0,0],[0,0],[0,0],[0,0],[0,0],[0,0],[0,0]],"v":[[65.662,0],[65.662,-67.172],[53.879,-67.172],[53.879,-39.78],[18.933,-39.78],[18.933,-67.172],[7.15,-67.172],[7.15,0],[18.933,0],[18.933,-29.407],[53.879,-29.407],[53.879,0]],"c":true},"ix":2},"nm":"H","mn":"ADBE Vector Shape - Group","hd":false}],"nm":"H","np":3,"cix":2,"bm":0,"ix":1,"mn":"ADBE Vector Group","hd":false}]},"fFamily":"Proxima Nova"},{"ch":"W","size":15,"style":"Semibold","w":90.3,"data":{"shapes":[{"ty":"gr","it":[{"ind":0,"ty":"sh","ix":1,"ks":{"a":0,"k":{"i":[[0,0],[0,0],[0,0],[0,0],[0,0],[0,0],[0,0],[0,0],[0,0],[0,0],[0,0],[0,0],[0,0]],"o":[[0,0],[0,0],[0,0],[0,0],[0,0],[0,0],[0,0],[0,0],[0,0],[0,0],[0,0],[0,0],[0,0]],"v":[[71.1,0],[90.335,-67.172],[77.142,-67.172],[64.05,-15.509],[50.153,-67.172],[40.787,-67.172],[26.889,-15.509],[13.797,-67.172],[0.705,-67.172],[19.839,0],[32.428,0],[45.52,-49.649],[58.511,0]],"c":true},"ix":2},"nm":"W","mn":"ADBE Vector Shape - Group","hd":false}],"nm":"W","np":3,"cix":2,"bm":0,"ix":1,"mn":"ADBE Vector Group","hd":false}]},"fFamily":"Proxima Nova"},{"ch":"U","size":20,"style":"Semibold","w":72,"data":{"shapes":[{"ty":"gr","it":[{"ind":0,"ty":"sh","ix":1,"ks":{"a":0,"k":{"i":[[-19.437,0],[0,16.617],[0,0],[0,0],[0,0],[11.179,0],[0,10.675],[0,0],[0,0],[0,0]],"o":[[19.537,0],[0,0],[0,0],[0,0],[0,10.675],[-11.179,0],[0,0],[0,0],[0,0],[0,16.617]],"v":[[36.255,1.208],[65.359,-26.587],[65.359,-67.172],[53.375,-67.172],[53.375,-26.889],[36.255,-9.265],[19.135,-26.889],[19.135,-67.172],[7.15,-67.172],[7.15,-26.587]],"c":true},"ix":2},"nm":"U","mn":"ADBE Vector Shape - Group","hd":false}],"nm":"U","np":3,"cix":2,"bm":0,"ix":1,"mn":"ADBE Vector Group","hd":false}]},"fFamily":"Proxima Nova"},{"ch":"O","size":20,"style":"Semibold","w":76.5,"data":{"shapes":[{"ty":"gr","it":[{"ind":0,"ty":"sh","ix":1,"ks":{"a":0,"k":{"i":[[-20.142,0],[0,20.041],[20.041,0],[0,-20.041]],"o":[[20.041,0],[0,-20.041],[-20.142,0],[0,20.041]],"v":[[38.571,1.208],[72.913,-33.536],[38.571,-68.28],[4.23,-33.536]],"c":true},"ix":2},"nm":"O","mn":"ADBE Vector Shape - Group","hd":false},{"ind":1,"ty":"sh","ix":2,"ks":{"a":0,"k":{"i":[[13.495,0],[0,13.797],[-13.596,0],[0,-13.898]],"o":[[-13.596,0],[0,-13.898],[13.495,0],[0,13.797]],"v":[[38.571,-9.265],[16.315,-33.536],[38.571,-57.806],[60.828,-33.536]],"c":true},"ix":2},"nm":"O","mn":"ADBE Vector Shape - Group","hd":false}],"nm":"O","np":5,"cix":2,"bm":0,"ix":1,"mn":"ADBE Vector Group","hd":false}]},"fFamily":"Proxima Nova"},{"ch":"L","size":20,"style":"Semibold","w":50.6,"data":{"shapes":[{"ty":"gr","it":[{"ind":0,"ty":"sh","ix":1,"ks":{"a":0,"k":{"i":[[0,0],[0,0],[0,0],[0,0],[0,0],[0,0]],"o":[[0,0],[0,0],[0,0],[0,0],[0,0],[0,0]],"v":[[47.736,0],[47.736,-10.373],[18.127,-10.373],[18.127,-67.172],[6.345,-67.172],[6.345,0]],"c":true},"ix":2},"nm":"L","mn":"ADBE Vector Shape - Group","hd":false}],"nm":"L","np":3,"cix":2,"bm":0,"ix":1,"mn":"ADBE Vector Group","hd":false}]},"fFamily":"Proxima Nova"},{"ch":"C","size":20,"style":"Semibold","w":68.2,"data":{"shapes":[{"ty":"gr","it":[{"ind":0,"ty":"sh","ix":1,"ks":{"a":0,"k":{"i":[[-19.839,0],[-5.136,8.057],[0,0],[7.15,0],[0,13.998],[-13.293,0],[-3.223,-5.64],[0,0],[13.495,0],[0,-20.746]],"o":[[13.495,0],[0,0],[-3.223,5.539],[-13.293,0],[0,-14.2],[7.15,0],[0,0],[-4.935,-8.057],[-19.839,0],[0,20.645]],"v":[[39.478,1.208],[66.467,-13.998],[56.396,-19.034],[39.478,-9.265],[16.315,-33.536],[39.478,-57.806],[56.396,-48.038],[66.367,-53.275],[39.478,-68.28],[4.23,-33.536]],"c":true},"ix":2},"nm":"C","mn":"ADBE Vector Shape - Group","hd":false}],"nm":"C","np":3,"cix":2,"bm":0,"ix":1,"mn":"ADBE Vector Group","hd":false}]},"fFamily":"Proxima Nova"},{"ch":"B","size":20,"style":"Semibold","w":64.9,"data":{"shapes":[{"ty":"gr","it":[{"ind":0,"ty":"sh","ix":1,"ks":{"a":0,"k":{"i":[[0,0],[0,10.474],[7.251,1.108],[0,8.359],[12.387,0],[0,0],[0,0]],"o":[[12.689,0],[0,-8.157],[6.244,-1.309],[0,-9.467],[0,0],[0,0],[0,0]],"v":[[41.089,0],[60.626,-18.228],[47.635,-34.644],[59.317,-50.052],[40.182,-67.172],[7.15,-67.172],[7.15,0]],"c":true},"ix":2},"nm":"B","mn":"ADBE Vector Shape - Group","hd":false},{"ind":1,"ty":"sh","ix":2,"ks":{"a":0,"k":{"i":[[5.942,0],[0,0],[0,0],[0,0],[0,-4.935]],"o":[[0,0],[0,0],[0,0],[5.942,0],[0,5.136]],"v":[[37.866,-39.478],[18.933,-39.478],[18.933,-56.799],[37.866,-56.799],[47.232,-48.138]],"c":true},"ix":2},"nm":"B","mn":"ADBE Vector Shape - Group","hd":false},{"ind":2,"ty":"sh","ix":3,"ks":{"a":0,"k":{"i":[[6.345,0],[0,0],[0,0],[0,0],[0,-5.035]],"o":[[0,0],[0,0],[0,0],[6.647,0],[0,5.841]],"v":[[38.37,-10.373],[18.933,-10.373],[18.933,-29.105],[38.37,-29.105],[48.541,-19.739]],"c":true},"ix":2},"nm":"B","mn":"ADBE Vector Shape - Group","hd":false}],"nm":"B","np":6,"cix":2,"bm":0,"ix":1,"mn":"ADBE Vector Group","hd":false}]},"fFamily":"Proxima Nova"},{"ch":"P","size":17,"style":"Regular","w":58.7,"data":{"shapes":[{"ty":"gr","it":[{"ind":0,"ty":"sh","ix":1,"ks":{"a":0,"k":{"i":[[0,0],[0,0],[0,0],[0,10.977],[13.495,0],[0,0],[0,0]],"o":[[0,0],[0,0],[13.394,0],[0,-10.977],[0,0],[0,0],[0,0]],"v":[[16.214,0],[16.214,-26.688],[34.845,-26.688],[55.893,-46.93],[34.845,-67.172],[7.855,-67.172],[7.855,0]],"c":true},"ix":2},"nm":"P","mn":"ADBE Vector Shape - Group","hd":false},{"ind":1,"ty":"sh","ix":2,"ks":{"a":0,"k":{"i":[[7.956,0],[0,0],[0,0],[0,0],[0,-7.553]],"o":[[0,0],[0,0],[0,0],[7.956,0],[0,7.553]],"v":[[33.838,-34.14],[16.214,-34.14],[16.214,-59.72],[33.838,-59.72],[47.232,-46.93]],"c":true},"ix":2},"nm":"P","mn":"ADBE Vector Shape - Group","hd":false}],"nm":"P","np":5,"cix":2,"bm":0,"ix":1,"mn":"ADBE Vector Group","hd":false}]},"fFamily":"Proxima Nova"},{"ch":"U","size":17,"style":"Regular","w":70.1,"data":{"shapes":[{"ty":"gr","it":[{"ind":0,"ty":"sh","ix":1,"ks":{"a":0,"k":{"i":[[-18.127,0],[0,16.718],[0,0],[0,0],[0,0],[12.387,0],[0,12.286],[0,0],[0,0],[0,0]],"o":[[18.228,0],[0,0],[0,0],[0,0],[0,12.286],[-12.387,0],[0,0],[0,0],[0,0],[0,16.516]],"v":[[35.248,1.208],[62.741,-26.184],[62.741,-67.172],[54.282,-67.172],[54.282,-26.285],[35.248,-6.244],[16.315,-26.285],[16.315,-67.172],[7.855,-67.172],[7.855,-26.083]],"c":true},"ix":2},"nm":"U","mn":"ADBE Vector Shape - Group","hd":false}],"nm":"U","np":3,"cix":2,"bm":0,"ix":1,"mn":"ADBE Vector Group","hd":false}]},"fFamily":"Proxima Nova"},{"ch":"R","size":17,"style":"Regular","w":60.9,"data":{"shapes":[{"ty":"gr","it":[{"ind":0,"ty":"sh","ix":1,"ks":{"a":0,"k":{"i":[[0,0],[0,0],[0,12.085],[12.286,0],[0,0],[0,0],[0,0],[0,0],[0,0],[0,0]],"o":[[0,0],[9.164,-0.806],[0,-12.387],[0,0],[0,0],[0,0],[0,0],[0,0],[0,0],[0,0]],"v":[[56.598,0],[38.47,-27.393],[55.994,-46.93],[34.845,-67.172],[7.855,-67.172],[7.855,0],[16.214,0],[16.214,-26.688],[29.709,-26.688],[46.729,0]],"c":true},"ix":2},"nm":"R","mn":"ADBE Vector Shape - Group","hd":false},{"ind":1,"ty":"sh","ix":2,"ks":{"a":0,"k":{"i":[[7.956,0],[0,0],[0,0],[0,0],[0,-7.654]],"o":[[0,0],[0,0],[0,0],[7.956,0],[0,7.553]],"v":[[33.838,-34.039],[16.214,-34.039],[16.214,-59.72],[33.838,-59.72],[47.333,-46.93]],"c":true},"ix":2},"nm":"R","mn":"ADBE Vector Shape - Group","hd":false}],"nm":"R","np":5,"cix":2,"bm":0,"ix":1,"mn":"ADBE Vector Group","hd":false}]},"fFamily":"Proxima Nova"},{"ch":"C","size":17,"style":"Regular","w":67.6,"data":{"shapes":[{"ty":"gr","it":[{"ind":0,"ty":"sh","ix":1,"ks":{"a":0,"k":{"i":[[-19.336,0],[-5.64,7.755],[0,0],[7.654,0],[0,15.912],[-14.703,0],[-3.827,-5.74],[0,0],[11.884,0],[0,-20.645]],"o":[[11.884,0],[0,0],[-3.827,5.64],[-14.703,0],[0,-16.113],[7.654,0],[0,0],[-5.338,-7.654],[-19.336,0],[0,20.645]],"v":[[39.679,1.208],[65.259,-12.186],[58.209,-16.013],[39.679,-6.244],[13.797,-33.536],[39.679,-60.828],[58.209,-51.059],[65.158,-54.987],[39.679,-68.28],[5.136,-33.536]],"c":true},"ix":2},"nm":"C","mn":"ADBE Vector Shape - Group","hd":false}],"nm":"C","np":3,"cix":2,"bm":0,"ix":1,"mn":"ADBE Vector Group","hd":false}]},"fFamily":"Proxima Nova"},{"ch":"H","size":17,"style":"Regular","w":71.2,"data":{"shapes":[{"ty":"gr","it":[{"ind":0,"ty":"sh","ix":1,"ks":{"a":0,"k":{"i":[[0,0],[0,0],[0,0],[0,0],[0,0],[0,0],[0,0],[0,0],[0,0],[0,0],[0,0],[0,0]],"o":[[0,0],[0,0],[0,0],[0,0],[0,0],[0,0],[0,0],[0,0],[0,0],[0,0],[0,0],[0,0]],"v":[[63.849,0],[63.849,-67.172],[55.49,-67.172],[55.49,-38.269],[16.214,-38.269],[16.214,-67.172],[7.855,-67.172],[7.855,0],[16.214,0],[16.214,-30.817],[55.49,-30.817],[55.49,0]],"c":true},"ix":2},"nm":"H","mn":"ADBE Vector Shape - Group","hd":false}],"nm":"H","np":3,"cix":2,"bm":0,"ix":1,"mn":"ADBE Vector Group","hd":false}]},"fFamily":"Proxima Nova"},{"ch":"A","size":17,"style":"Regular","w":65.8,"data":{"shapes":[{"ty":"gr","it":[{"ind":0,"ty":"sh","ix":1,"ks":{"a":0,"k":{"i":[[0,0],[0,0],[0,0],[0,0],[0,0],[0,0],[0,0],[0,0]],"o":[[0,0],[0,0],[0,0],[0,0],[0,0],[0,0],[0,0],[0,0]],"v":[[65.359,0],[38.37,-67.172],[27.997,-67.172],[0.906,0],[10.474,0],[16.415,-15.005],[49.85,-15.005],[55.792,0]],"c":true},"ix":2},"nm":"A","mn":"ADBE Vector Shape - Group","hd":false},{"ind":1,"ty":"sh","ix":2,"ks":{"a":0,"k":{"i":[[0,0],[0,0],[0,0]],"o":[[0,0],[0,0],[0,0]],"v":[[47.433,-22.357],[18.933,-22.357],[33.133,-58.612]],"c":true},"ix":2},"nm":"A","mn":"ADBE Vector Shape - Group","hd":false}],"nm":"A","np":5,"cix":2,"bm":0,"ix":1,"mn":"ADBE Vector Group","hd":false}]},"fFamily":"Proxima Nova"},{"ch":"S","size":17,"style":"Regular","w":58.6,"data":{"shapes":[{"ty":"gr","it":[{"ind":0,"ty":"sh","ix":1,"ks":{"a":0,"k":{"i":[[-11.581,0],[0,9.668],[0,15.106],[-7.956,0],[-5.035,-5.64],[0,0],[10.172,0],[0,-11.078],[0,-17.322],[11.984,0],[4.33,5.035],[0,0]],"o":[[18.127,0],[0,-25.076],[0,-6.345],[7.352,0],[0,0],[-5.64,-5.942],[-13.293,0],[0,23.969],[0,5.237],[-9.467,0],[0,0],[5.539,6.244]],"v":[[29.608,1.208],[54.382,-18.53],[14.603,-50.052],[28.4,-60.727],[47.836,-52.67],[52.872,-58.813],[29.105,-68.28],[5.942,-49.548],[45.721,-17.926],[29.91,-6.244],[8.862,-15.912],[3.827,-9.467]],"c":true},"ix":2},"nm":"S","mn":"ADBE Vector Shape - Group","hd":false}],"nm":"S","np":3,"cix":2,"bm":0,"ix":1,"mn":"ADBE Vector Group","hd":false}]},"fFamily":"Proxima Nova"},{"ch":"E","size":17,"style":"Regular","w":56.9,"data":{"shapes":[{"ty":"gr","it":[{"ind":0,"ty":"sh","ix":1,"ks":{"a":0,"k":{"i":[[0,0],[0,0],[0,0],[0,0],[0,0],[0,0],[0,0],[0,0],[0,0],[0,0],[0,0],[0,0]],"o":[[0,0],[0,0],[0,0],[0,0],[0,0],[0,0],[0,0],[0,0],[0,0],[0,0],[0,0],[0,0]],"v":[[51.865,0],[51.865,-7.452],[16.214,-7.452],[16.214,-30.615],[51.16,-30.615],[51.16,-38.068],[16.214,-38.068],[16.214,-59.72],[51.865,-59.72],[51.865,-67.172],[7.855,-67.172],[7.855,0]],"c":true},"ix":2},"nm":"E","mn":"ADBE Vector Shape - Group","hd":false}],"nm":"E","np":3,"cix":2,"bm":0,"ix":1,"mn":"ADBE Vector Group","hd":false}]},"fFamily":"Proxima Nova"},{"ch":" ","size":17,"style":"Regular","w":25.9,"data":{},"fFamily":"Proxima Nova"},{"ch":"D","size":17,"style":"Regular","w":70,"data":{"shapes":[{"ty":"gr","it":[{"ind":0,"ty":"sh","ix":1,"ks":{"a":0,"k":{"i":[[0,0],[0,19.135],[20.947,0],[0,0],[0,0]],"o":[[20.947,0],[0,-19.034],[0,0],[0,0],[0,0]],"v":[[30.817,0],[65.259,-33.536],[30.817,-67.172],[7.855,-67.172],[7.855,0]],"c":true},"ix":2},"nm":"D","mn":"ADBE Vector Shape - Group","hd":false},{"ind":1,"ty":"sh","ix":2,"ks":{"a":0,"k":{"i":[[16.315,0],[0,0],[0,0],[0,0],[0,-14.502]],"o":[[0,0],[0,0],[0,0],[16.617,0],[0,14.401]],"v":[[30.817,-7.452],[16.214,-7.452],[16.214,-59.72],[30.817,-59.72],[56.598,-33.536]],"c":true},"ix":2},"nm":"D","mn":"ADBE Vector Shape - Group","hd":false}],"nm":"D","np":5,"cix":2,"bm":0,"ix":1,"mn":"ADBE Vector Group","hd":false}]},"fFamily":"Proxima Nova"},{"ch":"I","size":17,"style":"Regular","w":23.9,"data":{"shapes":[{"ty":"gr","it":[{"ind":0,"ty":"sh","ix":1,"ks":{"a":0,"k":{"i":[[0,0],[0,0],[0,0],[0,0]],"o":[[0,0],[0,0],[0,0],[0,0]],"v":[[16.214,0],[16.214,-67.172],[7.855,-67.172],[7.855,0]],"c":true},"ix":2},"nm":"I","mn":"ADBE Vector Shape - Group","hd":false}],"nm":"I","np":3,"cix":2,"bm":0,"ix":1,"mn":"ADBE Vector Group","hd":false}]},"fFamily":"Proxima Nova"},{"ch":"N","size":17,"style":"Regular","w":70.8,"data":{"shapes":[{"ty":"gr","it":[{"ind":0,"ty":"sh","ix":1,"ks":{"a":0,"k":{"i":[[0,0],[0,0],[0,0],[0,0],[0,0],[0,0],[0,0],[0,0],[0,0],[0,0]],"o":[[0,0],[0,0],[0,0],[0,0],[0,0],[0,0],[0,0],[0,0],[0,0],[0,0]],"v":[[63.446,0],[63.446,-67.172],[55.087,-67.172],[55.087,-14.703],[16.415,-67.172],[7.855,-67.172],[7.855,0],[16.214,0],[16.214,-53.577],[55.389,0]],"c":true},"ix":2},"nm":"N","mn":"ADBE Vector Shape - Group","hd":false}],"nm":"N","np":3,"cix":2,"bm":0,"ix":1,"mn":"ADBE Vector Group","hd":false}]},"fFamily":"Proxima Nova"},{"ch":"K","size":17,"style":"Regular","w":60.1,"data":{"shapes":[{"ty":"gr","it":[{"ind":0,"ty":"sh","ix":1,"ks":{"a":0,"k":{"i":[[0,0],[0,0],[0,0],[0,0],[0,0],[0,0],[0,0],[0,0],[0,0],[0,0],[0,0],[0,0]],"o":[[0,0],[0,0],[0,0],[0,0],[0,0],[0,0],[0,0],[0,0],[0,0],[0,0],[0,0],[0,0]],"v":[[58.914,0],[28.4,-35.349],[56.396,-67.172],[45.923,-67.172],[16.214,-32.529],[16.214,-67.172],[7.855,-67.172],[7.855,0],[16.214,0],[16.214,-22.559],[22.961,-30.212],[48.441,0]],"c":true},"ix":2},"nm":"K","mn":"ADBE Vector Shape - Group","hd":false}],"nm":"K","np":3,"cix":2,"bm":0,"ix":1,"mn":"ADBE Vector Group","hd":false}]},"fFamily":"Proxima Nova"},{"ch":"V","size":17,"style":"Regular","w":65.8,"data":{"shapes":[{"ty":"gr","it":[{"ind":0,"ty":"sh","ix":1,"ks":{"a":0,"k":{"i":[[0,0],[0,0],[0,0],[0,0],[0,0],[0,0],[0,0]],"o":[[0,0],[0,0],[0,0],[0,0],[0,0],[0,0],[0,0]],"v":[[38.37,0],[65.359,-67.172],[55.792,-67.172],[33.133,-9.164],[10.474,-67.172],[0.906,-67.172],[27.997,0]],"c":true},"ix":2},"nm":"V","mn":"ADBE Vector Shape - Group","hd":false}],"nm":"V","np":3,"cix":2,"bm":0,"ix":1,"mn":"ADBE Vector Group","hd":false}]},"fFamily":"Proxima Nova"},{"ch":"O","size":17,"style":"Regular","w":76.5,"data":{"shapes":[{"ty":"gr","it":[{"ind":0,"ty":"sh","ix":1,"ks":{"a":0,"k":{"i":[[-19.839,0],[0,19.839],[19.839,0],[0,-19.839]],"o":[[19.839,0],[0,-19.839],[-19.839,0],[0,19.839]],"v":[[38.47,1.208],[71.906,-33.536],[38.47,-68.28],[5.136,-33.536]],"c":true},"ix":2},"nm":"O","mn":"ADBE Vector Shape - Group","hd":false},{"ind":1,"ty":"sh","ix":2,"ks":{"a":0,"k":{"i":[[15.005,0],[0,15.61],[-15.106,0],[0,-15.71]],"o":[[-15.106,0],[0,-15.71],[15.005,0],[0,15.61]],"v":[[38.47,-6.244],[13.797,-33.536],[38.47,-60.828],[63.245,-33.536]],"c":true},"ix":2},"nm":"O","mn":"ADBE Vector Shape - Group","hd":false}],"nm":"O","np":5,"cix":2,"bm":0,"ix":1,"mn":"ADBE Vector Group","hd":false}]},"fFamily":"Proxima Nova"},{"ch":"D","size":17,"style":"Semibold","w":71,"data":{"shapes":[{"ty":"gr","it":[{"ind":0,"ty":"sh","ix":1,"ks":{"a":0,"k":{"i":[[0,0],[0,19.839],[21.048,0],[0,0],[0,0]],"o":[[20.947,0],[0,-19.638],[0,0],[0,0],[0,0]],"v":[[32.227,0],[67.273,-33.636],[32.126,-67.172],[7.15,-67.172],[7.15,0]],"c":true},"ix":2},"nm":"D","mn":"ADBE Vector Shape - Group","hd":false},{"ind":1,"ty":"sh","ix":2,"ks":{"a":0,"k":{"i":[[14.603,0],[0,0],[0,0],[0,0],[0,-12.891]],"o":[[0,0],[0,0],[0,0],[14.905,0],[0,12.79]],"v":[[32.126,-10.373],[18.933,-10.373],[18.933,-56.799],[32.227,-56.799],[55.188,-33.636]],"c":true},"ix":2},"nm":"D","mn":"ADBE Vector Shape - Group","hd":false}],"nm":"D","np":5,"cix":2,"bm":0,"ix":1,"mn":"ADBE Vector Group","hd":false}]},"fFamily":"Proxima Nova"},{"ch":"K","size":17,"style":"Semibold","w":62.1,"data":{"shapes":[{"ty":"gr","it":[{"ind":0,"ty":"sh","ix":1,"ks":{"a":0,"k":{"i":[[0,0],[0,0],[0,0],[0,0],[0,0],[0,0],[0,0],[0,0],[0,0],[0,0],[0,0],[0,0]],"o":[[0,0],[0,0],[0,0],[0,0],[0,0],[0,0],[0,0],[0,0],[0,0],[0,0],[0,0],[0,0]],"v":[[61.935,0],[32.529,-35.55],[59.821,-67.172],[45.218,-67.172],[18.933,-35.248],[18.933,-67.172],[7.15,-67.172],[7.15,0],[18.933,0],[18.933,-21.451],[24.875,-28.4],[47.333,0]],"c":true},"ix":2},"nm":"K","mn":"ADBE Vector Shape - Group","hd":false}],"nm":"K","np":3,"cix":2,"bm":0,"ix":1,"mn":"ADBE Vector Group","hd":false}]},"fFamily":"Proxima Nova"},{"ch":"V","size":17,"style":"Semibold","w":67.3,"data":{"shapes":[{"ty":"gr","it":[{"ind":0,"ty":"sh","ix":1,"ks":{"a":0,"k":{"i":[[0,0],[0,0],[0,0],[0,0],[0,0],[0,0],[0,0]],"o":[[0,0],[0,0],[0,0],[0,0],[0,0],[0,0],[0,0]],"v":[[41.29,0],[67.676,-67.172],[54.282,-67.172],[33.939,-12.891],[13.596,-67.172],[0.201,-67.172],[26.587,0]],"c":true},"ix":2},"nm":"V","mn":"ADBE Vector Shape - Group","hd":false}],"nm":"V","np":3,"cix":2,"bm":0,"ix":1,"mn":"ADBE Vector Group","hd":false}]},"fFamily":"Proxima Nova"},{"ch":"G","size":20,"style":"Semibold","w":71.7,"data":{"shapes":[{"ty":"gr","it":[{"ind":0,"ty":"sh","ix":1,"ks":{"a":0,"k":{"i":[[-19.537,0],[-6.546,7.352],[0,0],[0,0],[0,0],[0,0],[0,0],[6.848,0],[0,13.998],[-13.293,0],[-3.625,-5.035],[0,0],[13.092,0],[0,-21.149]],"o":[[11.581,0],[0,0],[0,0],[0,0],[0,0],[0,0],[-3.021,2.921],[-13.293,0],[0,-14.2],[7.452,0],[0,0],[-5.338,-7.654],[-19.537,0],[0,21.048]],"v":[[39.478,1.309],[67.072,-10.977],[67.072,-36.053],[35.248,-36.053],[35.248,-25.681],[55.389,-25.681],[55.389,-15.308],[39.478,-9.265],[16.315,-33.536],[39.478,-57.806],[56.9,-48.843],[66.467,-54.382],[39.478,-68.28],[4.23,-33.536]],"c":true},"ix":2},"nm":"G","mn":"ADBE Vector Shape - Group","hd":false}],"nm":"G","np":3,"cix":2,"bm":0,"ix":1,"mn":"ADBE Vector Group","hd":false}]},"fFamily":"Proxima Nova"},{"ch":"M","size":20,"style":"Semibold","w":83.5,"data":{"shapes":[{"ty":"gr","it":[{"ind":0,"ty":"sh","ix":1,"ks":{"a":0,"k":{"i":[[0,0],[0,0],[0,0],[0,0],[0,0],[0,0],[0,0],[0,0],[0,0],[0,0],[0,0],[0,0],[0,0]],"o":[[0,0],[0,0],[0,0],[0,0],[0,0],[0,0],[0,0],[0,0],[0,0],[0,0],[0,0],[0,0],[0,0]],"v":[[76.941,0],[76.941,-67.172],[60.324,-67.172],[42.096,-21.048],[23.767,-67.172],[7.15,-67.172],[7.15,0],[18.933,0],[18.933,-51.865],[39.578,0],[44.614,0],[65.158,-51.865],[65.158,0]],"c":true},"ix":2},"nm":"M","mn":"ADBE Vector Shape - Group","hd":false}],"nm":"M","np":3,"cix":2,"bm":0,"ix":1,"mn":"ADBE Vector Group","hd":false}]},"fFamily":"Proxima Nova"},{"ch":"Y","size":20,"style":"Semibold","w":63.7,"data":{"shapes":[{"ty":"gr","it":[{"ind":0,"ty":"sh","ix":1,"ks":{"a":0,"k":{"i":[[0,0],[0,0],[0,0],[0,0],[0,0],[0,0],[0,0],[0,0],[0,0]],"o":[[0,0],[0,0],[0,0],[0,0],[0,0],[0,0],[0,0],[0,0],[0,0]],"v":[[38.068,0],[38.068,-27.896],[64.05,-67.172],[50.555,-67.172],[32.126,-38.47],[13.696,-67.172],[0.201,-67.172],[26.285,-27.896],[26.285,0]],"c":true},"ix":2},"nm":"Y","mn":"ADBE Vector Shape - Group","hd":false}],"nm":"Y","np":3,"cix":2,"bm":0,"ix":1,"mn":"ADBE Vector Group","hd":false}]},"fFamily":"Proxima Nova"},{"ch":"!","size":20,"style":"Semibold","w":24.4,"data":{"shapes":[{"ty":"gr","it":[{"ind":0,"ty":"sh","ix":1,"ks":{"a":0,"k":{"i":[[0,0],[0,0],[0,0],[0,0]],"o":[[0,0],[0,0],[0,0],[0,0]],"v":[[16.919,-20.645],[18.732,-67.172],[5.841,-67.172],[7.755,-20.645]],"c":true},"ix":2},"nm":"!","mn":"ADBE Vector Shape - Group","hd":false},{"ind":1,"ty":"sh","ix":2,"ks":{"a":0,"k":{"i":[[-3.827,0],[0,3.827],[3.827,0],[0,-3.726]],"o":[[3.827,0],[0,-3.726],[-3.827,0],[0,3.827]],"v":[[12.387,1.007],[19.336,-6.042],[12.387,-12.991],[5.338,-6.042]],"c":true},"ix":2},"nm":"!","mn":"ADBE Vector Shape - Group","hd":false}],"nm":"!","np":5,"cix":2,"bm":0,"ix":1,"mn":"ADBE Vector Group","hd":false}]},"fFamily":"Proxima Nova"}]}